Variable,Calculation
Total cost (USD),= PM/overhead + Referral/transfer + Service delivery + Labor + Equipment
PM/overhead cost (USD),= Program Management + Overhead
Referral/transfer cost (USD),= Referral Recurrent + Transfer Recurrent + Referral Capital + Transfer Capital
Service delivery cost (USD),= ANC + Facility Delivery + CS Delivery
Labor cost (USD),= Surgical Labor + Nurse Labor + Anesthetist Labor
Equipment cost (USD),= Infrastructure + General Equipment + Doppler + CTG + POCUS
Discounted yearly cost,= Yearly Cost / (1 + 0.03)^(Year - 1)
Total discounted cost (USD),"= SUM(Discounted Yearly Cost, Years 1-10)"
Maternal DALYs averted,= Baseline Maternal DALYs - Intervention Maternal DALYs
Neonatal DALYs averted,= Baseline Neonatal DALYs - Intervention Neonatal DALYs
Total DALYs averted,= Maternal DALYs averted + Neonatal DALYs averted
Cost per maternal DALY averted (USD),= Mean Total Discounted Cost / Mean Maternal DALYs Averted
Cost per total DALY averted (USD),= Mean Total Discounted Cost / Mean Total DALYs Averted
POCUS equipment cost,"= Number of POCUS Units x $5,000 x Annualization Factor"
POCUS units,= num_L2/3 + num_L4 + num_L5 from county parameters
Capital equipment annualization,= Capital cost x annuity factor using useful life and 3% discount rate
Doppler/CTG/infrastructure capital,= Added units or capacity x unit cost x annuity factor using useful life and 3% discount rate
