scenario,intervention,level,run,anc,initial_l45,final_l45,free_referral,self_referral,emergency_transfer,delay_lt1h_given_transfer,delay_1_2h_given_transfer,delay_2plus_given_transfer,iv_iron,pph_bundle,mgso4,antibiotics,oxytocin,iv_iron_given_anemia_anc,pph_bundle_given_pph,mgso4_given_eclampsia,antibiotics_given_sepsis,oxytocin_given_ol,pph,maternal_sepsis,eclampsia,obstructed_labor,aph,uterine_rupture,severe_complication,maternal_deaths_per_100k,facility_maternal_deaths_per_100k,neonatal_deaths_per_1000
diagnosis_base,Baseline,base,201,0.6904599694454767,0.6428423964655848,0.7439407077088237,0.0,0.6428423964655848,0.11085304925884636,0.5822702300027935,0.33643728466337647,0.08129248533382996,0.03151451339857137,0.0,0.0,0.0,0.018518518518518517,0.24218626051086783,0.0,0.0,0.0,0.0,0.05750650315867707,0.040474420909203515,0.02489780750650316,0.046564680622651636,0.03135967628721252,0.001589661009950865,0.03514802427845906,27.870680044593087,15.059106994955197,7.855402782939015
pocus,POCUS,direct_flags,201,0.6904599694454767,0.5792766010157314,0.7027230686650977,0.0,0.5792766010157314,0.13321152813906437,0.5728787291747385,0.34428516079039134,0.08283611003487021,0.03151451339857137,0.0,0.0,0.0,0.015586935876790949,0.24218626051086783,0.0,0.0,0.0,0.0,0.06168710516536603,0.041878277385523764,0.025537800900119742,0.043106651802303976,0.030988067219951277,0.001579338535860275,0.03536479623436145,27.870680044593087,13.050003262500816,7.411536397043643
intrapartum_sensors,Intrapartum sensors,direct_flags,201,0.6904599694454767,0.6428423964655848,0.7327924356909864,0.0,0.6428423964655848,0.09960155250010322,0.5886620375168411,0.3315369468338688,0.07980101564929008,0.03151451339857137,0.0,0.0,0.0,0.019530120979396343,0.24218626051086783,0.0,0.0,0.0,0.0,0.048949172137577934,0.03657252570296048,0.02489780750650316,0.046255006399933934,0.03135967628721252,0.001589661009950865,0.03321772162351873,24.77393781741608,11.832155496036227,8.020562368388456
ai_intrapartum_sensors,AI Intrapartum sensors,direct_flags,201,0.6904599694454767,0.6428423964655848,0.7294066641892729,0.0,0.6428423964655848,0.0959990090424873,0.5889247311827956,0.33129032258064517,0.07978494623655914,0.03151451339857137,0.0,0.0,0.0,0.02457781080969487,0.24218626051086783,0.0,0.0,0.0,0.0,0.046255006399933934,0.03518931417482142,0.02489780750650316,0.044593088071348944,0.03135967628721252,0.001589661009950865,0.03218547421445972,23.741690408357076,10.75650499639657,7.958627523844915
diagnosis_base,Baseline,base,202,0.6911309302613651,0.6403030678392997,0.7443123167760849,0.0,0.6403030678392997,0.11968908708039143,0.6032772746873653,0.31936179387667096,0.07736093143596377,0.03157644824311491,0.0,0.0,0.0,0.017734010487633674,0.24227783937905908,0.0,0.0,0.0,0.0,0.07066765762417937,0.042208596556422645,0.023184276807465213,0.07761468268714646,0.0313803212353937,0.0016928857508567653,0.054337503612865934,35.09641190800611,20.443956658811885,7.205086915231843
pocus,POCUS,direct_flags,202,0.6911309302613651,0.5739089144886247,0.7014121144555927,0.0,0.5739089144886247,0.14195466369379414,0.5847149505526469,0.3336242001163467,0.0816608493310064,0.03157644824311491,0.0,0.0,0.0,0.014915975060902597,0.24227783937905908,0.0,0.0,0.0,0.0,0.07521986869812956,0.04241504603823444,0.02227589908749329,0.06950121805194269,0.03071968289359594,0.0016619183285849952,0.05044593088071349,25.806185226475083,17.414586893346538,6.668318262521161
intrapartum_sensors,Intrapartum sensors,direct_flags,202,0.6911309302613651,0.6403030678392997,0.7377988356249225,0.0,0.6403030678392997,0.1131859284033197,0.6046511627906976,0.31819425444596444,0.07715458276333789,0.03157644824311491,0.0,0.0,0.0,0.018167554399438457,0.24227783937905908,0.0,0.0,0.0,0.0,0.06328708864940749,0.03907056443288327,0.023184276807465213,0.07742887815351583,0.0313803212353937,0.0016928857508567653,0.052562038069284445,29.935174862711094,15.063968064387703,7.163797018869483
ai_intrapartum_sensors,AI Intrapartum sensors,direct_flags,202,0.6911309302613651,0.6403030678392997,0.7378814154176473,0.0,0.6403030678392997,0.11308270366241381,0.6031948881789138,0.3192149703331812,0.07759014148790506,0.03157644824311491,0.0,0.0,0.0,0.02514554688467732,0.24227783937905908,0.0,0.0,0.0,0.0,0.0629567694785086,0.038905404847433836,0.023184276807465213,0.07468310004541888,0.0313803212353937,0.0016928857508567653,0.05180849746067137,30.967422271770097,16.13996578327254,7.019282381601222
diagnosis_base,Baseline,base,203,0.6907593211941038,0.6396630744456832,0.7438271604938271,0.0,0.6396630744456832,0.11569428960733309,0.5881513204853676,0.32994289793004994,0.08190578158458243,0.03319707667533754,0.0,0.0,0.0,0.01827077914034436,0.24213220900466798,0.0,0.0,0.0,0.0,0.06568190263842438,0.04144473347371898,0.024701680498781946,0.04821627647714604,0.03197902473264792,0.0017341756472191254,0.0409079648210083,35.09641190800611,19.37025159804576,6.121227135719889
pocus,POCUS,direct_flags,203,0.6907593211941038,0.5727734423386597,0.6975824765679838,0.0,0.5727734423386597,0.13632891531442257,0.5804497614901188,0.3369425304762626,0.08260770803361854,0.03319707667533754,0.0,0.0,0.0,0.015101779594533217,0.24213220900466798,0.0,0.0,0.0,0.0,0.07139023081052066,0.04241504603823444,0.024846195136050207,0.04479953755316074,0.03150419092448078,0.0016309509063132251,0.04024732647921054,25.806185226475083,17.416292942047285,5.543168586646848
intrapartum_sensors,Intrapartum sensors,direct_flags,203,0.6907593211941038,0.6396630744456832,0.7343717742268467,0.0,0.6396630744456832,0.10616664602171849,0.5926105979581915,0.32814778804083616,0.0792416140009723,0.03319707667533754,0.0,0.0,0.0,0.0188488376894174,0.24213220900466798,0.0,0.0,0.0,0.0,0.058889714686816134,0.03748090342293241,0.024701680498781946,0.04785498988397539,0.03197902473264792,0.0017341756472191254,0.03917378917378917,30.967422271770097,15.065751242924476,6.048969817085759
ai_intrapartum_sensors,AI Intrapartum sensors,direct_flags,203,0.6907593211941038,0.6396630744456832,0.7282402246170362,0.0,0.6396630744456832,0.09978735703373384,0.593979517947657,0.32740250336195303,0.07861797869038999,0.03319707667533754,0.0,0.0,0.0,0.02522812667740204,0.24213220900466798,0.0,0.0,0.0,0.0,0.0543684710351377,0.03497254221891903,0.024701680498781946,0.04613113671084686,0.03197902473264792,0.0017341756472191254,0.03767703043065362,30.967422271770097,15.065751242924476,5.935422602089269
diagnosis_base,Baseline,base,204,0.6906251290309261,0.6396837193938644,0.7434452289524753,0.0,0.6396837193938644,0.11534332548825302,0.5901199212457491,0.3307678539466619,0.07911222480758905,0.028087452000495478,0.0,0.0,0.0,0.017444981213097156,0.24223270720199414,0.0,0.0,0.0,0.0,0.06317354143441099,0.04327181138775342,0.023875882571534744,0.05329493372971634,0.03163838308765845,0.0017651430694908955,0.04083570750237417,37.16090672612412,23.675261504024792,6.905735166604732
pocus,POCUS,direct_flags,204,0.6906251290309261,0.5722469961600396,0.6968186134852802,0.0,0.5722469961600396,0.13560634212808126,0.5785948085559869,0.3378244652508183,0.08358072619319479,0.028087452000495478,0.0,0.0,0.0,0.014482431149097816,0.24223270720199414,0.0,0.0,0.0,0.0,0.06895412692514141,0.04479953755316074,0.023328791444733474,0.048474338329410796,0.0312770964944878,0.0016619183285849952,0.03932862628514802,23.741690408357076,18.50561699904206,6.4412238325281805
intrapartum_sensors,Intrapartum sensors,direct_flags,204,0.6906251290309261,0.6396837193938644,0.7327614682687147,0.0,0.6396837193938644,0.10456666253767703,0.595360315893386,0.32931885488647583,0.0753208292201382,0.028087452000495478,0.0,0.0,0.0,0.017692720591271315,0.24223270720199414,0.0,0.0,0.0,0.0,0.05443040587968124,0.039256368966513897,0.023875882571534744,0.05314009661835749,0.03163838308765845,0.0017651430694908955,0.03887443742516206,31.9996696808291,18.29452025311007,6.854122796151781
ai_intrapartum_sensors,AI Intrapartum sensors,direct_flags,204,0.6906251290309261,0.6396837193938644,0.7292002147074611,0.0,0.6396837193938644,0.10070605722779635,0.5954284542845428,0.3288232882328823,0.07574825748257483,0.028087452000495478,0.0,0.0,0.0,0.02524877162558322,0.24223270720199414,0.0,0.0,0.0,0.0,0.0509517321111524,0.03772864280110657,0.023875882571534744,0.051096246748420664,0.03163838308765845,0.0017651430694908955,0.03768735290474421,31.9996696808291,18.29452025311007,6.719930632974111
diagnosis_base,Baseline,base,205,0.6904599694454767,0.642563689665139,0.743476196374747,0.0,0.642563689665139,0.1139188240637516,0.5982239942007974,0.32203696991663644,0.07973903588256614,0.03146290102811842,0.0,0.0,0.0,0.017094017094017096,0.2422893481717011,0.0,0.0,0.0,0.0,0.06003550931087163,0.042642140468227424,0.024990709773318468,0.04278665510549569,0.03146290102811842,0.0018064329658532556,0.04448986333044304,45.41888599859614,27.959995698462198,6.1109046616292995
pocus,POCUS,direct_flags,205,0.6904599694454767,0.5788740245261984,0.6999772905570008,0.0,0.5788740245261984,0.1339237788513151,0.5770001541544628,0.3397564359488207,0.08324340989671651,0.03146290102811842,0.0,0.0,0.0,0.014554688467731947,0.2422893481717011,0.0,0.0,0.0,0.0,0.06778768735290475,0.043519550765927575,0.026053924604649243,0.03827573392790784,0.030853875056773606,0.0017238531731285354,0.04427309137454065,41.28989636236013,26.0968846843908,5.460588793922128
intrapartum_sensors,Intrapartum sensors,direct_flags,205,0.6904599694454767,0.642563689665139,0.7322556670382757,0.0,0.642563689665139,0.10258474751228375,0.6029382169450593,0.3202857717850674,0.07677601126987321,0.03146290102811842,0.0,0.0,0.0,0.017383046368553614,0.2422893481717011,0.0,0.0,0.0,0.0,0.051911722201577276,0.03750154837111359,0.024990709773318468,0.04270407531277096,0.03146290102811842,0.0018064329658532556,0.04231182129732854,37.16090672612412,19.35692009893537,6.0799372393575295
ai_intrapartum_sensors,AI Intrapartum sensors,direct_flags,205,0.6904599694454767,0.642563689665139,0.7297369833601718,0.0,0.642563689665139,0.0998286469300962,0.6023162030813773,0.32075276600144764,0.07693103091717506,0.03146290102811842,0.0,0.0,0.0,0.02439200627606425,0.2422893481717011,0.0,0.0,0.0,0.0,0.04974400264255337,0.03650026838432636,0.024990709773318468,0.040608613072381186,0.03146290102811842,0.0018064329658532556,0.04116602667327305,36.128659317065114,18.281535648994517,5.987034972542219
diagnosis_base,Baseline,base,206,0.6903154548082084,0.6414385399892646,0.7438994178124613,0.0,0.6414385399892646,0.11425946570874107,0.5912909928629506,0.3253229740717319,0.08338603306531756,0.028262934060035508,0.0,0.0,0.0,0.017713365539452495,0.2425155004428698,0.0,0.0,0.0,0.0,0.058363268508196044,0.0473285437053553,0.02872744539411206,0.0468124200008258,0.0312770964944878,0.0017238531731285354,0.04137247615508485,31.9996696808291,19.36212553111386,5.636070853462158
pocus,POCUS,direct_flags,206,0.6903154548082084,0.5767475948635369,0.700575994054255,0.0,0.5767475948635369,0.13536892522399768,0.5779319810889126,0.33780692389812417,0.08426109501296325,0.028262934060035508,0.0,0.0,0.0,0.015008877327717907,0.2425155004428698,0.0,0.0,0.0,0.0,0.06548577563070317,0.05013625665799579,0.028262934060035508,0.04317890912093811,0.03121516164994426,0.0016309509063132251,0.04096989966555184,28.90292745365209,17.406819121390807,5.233494363929147
intrapartum_sensors,Intrapartum sensors,direct_flags,206,0.6903154548082084,0.6414385399892646,0.7334943639291466,0.0,0.6414385399892646,0.10375118708452041,0.5942692269425928,0.3252412695254204,0.08048950353198686,0.028262934060035508,0.0,0.0,0.0,0.018146909451257277,0.2425155004428698,0.0,0.0,0.0,0.0,0.05093108716297122,0.042342788719600316,0.02872744539411206,0.04655435814856105,0.0312770964944878,0.0017238531731285354,0.03932862628514802,26.838432635534083,13.983757328026677,5.5534910607374375
ai_intrapartum_sensors,AI Intrapartum sensors,direct_flags,206,0.6903154548082084,0.6414385399892646,0.7291073124406457,0.0,0.6414385399892646,0.09915768611420786,0.5963980845305018,0.3235477826358526,0.08005413283364564,0.028262934060035508,0.0,0.0,0.0,0.02511457946240555,0.2425155004428698,0.0,0.0,0.0,0.0,0.04744209092035179,0.04035055122011644,0.02872744539411206,0.04482018250134192,0.0312770964944878,0.0017238531731285354,0.03805896197200545,26.838432635534083,13.983757328026677,5.450266319831537
diagnosis_base,Baseline,base,207,0.6906457739791073,0.6396630744456832,0.7434142615302035,0.0,0.6396630744456832,0.11228787315743838,0.5763927192498621,0.3380216951645523,0.08558558558558559,0.03147322350220901,0.0,0.0,0.0,0.017444981213097156,0.2416389285148201,0.0,0.0,0.0,0.0,0.06900573929559436,0.0433956810768405,0.0220591271315909,0.04221891903051323,0.031153226805400717,0.0017961104917626656,0.030637103100871216,30.967422271770097,21.520649062775732,6.38961146207523
pocus,POCUS,direct_flags,207,0.6906457739791073,0.5734650481027292,0.6951876625789669,0.0,0.5734650481027292,0.12987736900780378,0.5697822285805119,0.34485773326975044,0.08536003814973772,0.03147322350220901,0.0,0.0,0.0,0.014719848053181387,0.2416389285148201,0.0,0.0,0.0,0.0,0.07440439324497296,0.046296296296296294,0.02153268095297081,0.03788347991246542,0.030936454849498328,0.0016825632767661753,0.03088484247904538,27.870680044593087,20.68635136312168,5.749618068458648
intrapartum_sensors,Intrapartum sensors,direct_flags,207,0.6906457739791073,0.6396630744456832,0.7350427350427351,0.0,0.6396630744456832,0.10383376687724513,0.5795804751963416,0.3363157371508102,0.08410378765284819,0.03147322350220901,0.0,0.0,0.0,0.017806267806267807,0.2416389285148201,0.0,0.0,0.0,0.0,0.06166646021718485,0.039514430818778645,0.0220591271315909,0.041971179652339076,0.031153226805400717,0.0017961104917626656,0.029130021883645073,25.806185226475083,16.1404867970818,6.28638672116933
ai_intrapartum_sensors,AI Intrapartum sensors,direct_flags,207,0.6906457739791073,0.6396630744456832,0.7302014946942483,0.0,0.6396630744456832,0.09885833436558074,0.5793045838989245,0.3374752010024016,0.0832202150986739,0.03147322350220901,0.0,0.0,0.0,0.02507328956604319,0.2416389285148201,0.0,0.0,0.0,0.0,0.05715553903959701,0.03746025847475123,0.0220591271315909,0.04003055452330815,0.031153226805400717,0.0017961104917626656,0.02800487220777076,26.838432635534083,17.216519250220585,6.172839506172839
diagnosis_base,Baseline,base,208,0.6907077088236508,0.640447582476568,0.7441987695610884,0.0,0.640447582476568,0.12343614517527561,0.6124770028432849,0.30958354239839436,0.07793945475832079,0.03507576695982493,0.0,0.0,0.0,0.019715925513026963,0.24382893226176808,0.0,0.0,0.0,0.0,0.06507287666707956,0.04493372971633841,0.024072009579255958,0.059158099013171477,0.03155580329493373,0.0017238531731285354,0.06798381436062595,40.25764895330113,24.7476812498655,6.18316198026343
pocus,POCUS,direct_flags,208,0.6907077088236508,0.5740843965481647,0.701277922292415,0.0,0.5740843965481647,0.14641397250092902,0.602580372250423,0.31852791878172587,0.0788917089678511,0.03507576695982493,0.0,0.0,0.0,0.0162578966926793,0.24382893226176808,0.0,0.0,0.0,0.0,0.06889219208059788,0.04600726702175977,0.023979107312440646,0.054863949791486025,0.03119451670176308,0.0016206284322226351,0.06481481481481481,47.48338081671415,31.573217201959718,5.687683223915108
intrapartum_sensors,Intrapartum sensors,direct_flags,208,0.6907077088236508,0.640447582476568,0.7358788554440728,0.0,0.640447582476568,0.11504397373962591,0.6167788245850157,0.307671601615074,0.07554957379991027,0.03507576695982493,0.0,0.0,0.0,0.020892687559354226,0.24382893226176808,0.0,0.0,0.0,0.0,0.0573723109954994,0.04040216359056939,0.024072009579255958,0.05883810231636319,0.03155580329493373,0.0017238531731285354,0.0650419092448078,36.128659317065114,20.443736684671503,6.069614765266939
ai_intrapartum_sensors,AI Intrapartum sensors,direct_flags,208,0.6907077088236508,0.640447582476568,0.7333601717659689,0.0,0.640447582476568,0.11221561583880424,0.6176064759451753,0.30751540796614846,0.0748781160886763,0.03507576695982493,0.0,0.0,0.0,0.02538296378876089,0.24382893226176808,0.0,0.0,0.0,0.0,0.05502910937693546,0.039204756596060944,0.024072009579255958,0.05676328502415459,0.03155580329493373,0.0017238531731285354,0.06352450555349107,35.09641190800611,19.367750543373,6.007679920723398
diagnosis_base,Baseline,base,209,0.6907593211941038,0.6419959535901565,0.7443329617242661,0.0,0.6419959535901565,0.1189974813163219,0.6053955586398334,0.31358431644691187,0.08102012491325468,0.029924852388620506,0.0,0.0,0.0,0.01842561625170321,0.2422292780748663,0.0,0.0,0.0,0.0,0.06408191915438292,0.05016722408026756,0.02440232875015484,0.07105991163962179,0.03132870886494075,0.0017032082249473553,0.05647425574961807,38.19315413518312,23.663801912465445,8.237334324290847
pocus,POCUS,direct_flags,209,0.6907593211941038,0.5778830670135018,0.7061088401668112,0.0,0.5778830670135018,0.14396754614145918,0.5897325589732559,0.3290313329031333,0.08123610812361082,0.029924852388620506,0.0,0.0,0.0,0.01561790329906272,0.2422292780748663,0.0,0.0,0.0,0.0,0.06963541021512036,0.051540113134316036,0.024144266897890086,0.06469094512572773,0.03102935711631364,0.0016722408026755853,0.052974937032908044,37.16090672612412,23.93255371226543,7.545728560221313
intrapartum_sensors,Intrapartum sensors,direct_flags,209,0.6907593211941038,0.6419959535901565,0.7400594574507618,0.0,0.6419959535901565,0.11468268714645526,0.6062106210621062,0.3144014401440144,0.07938793879387938,0.029924852388620506,0.0,0.0,0.0,0.01949915355712457,0.2422292780748663,0.0,0.0,0.0,0.0,0.05767166274412651,0.045707915273132664,0.02440232875015484,0.07054378793509228,0.03132870886494075,0.0017032082249473553,0.054512985672405964,34.06416449894711,19.361292473835363,8.340559065196747
ai_intrapartum_sensors,AI Intrapartum sensors,direct_flags,209,0.6907593211941038,0.6419959535901565,0.7358582104958916,0.0,0.6419959535901565,0.11018208844295801,0.6079258010118044,0.31375304478171256,0.07832115420648304,0.029924852388620506,0.0,0.0,0.0,0.024464263594698377,0.2422292780748663,0.0,0.0,0.0,0.0,0.05384202485651761,0.043581485610471114,0.02440232875015484,0.06870638754696726,0.03132870886494075,0.0017032082249473553,0.05286138981791156,33.031917089888104,18.285665114177846,8.227011850200256
diagnosis_base,Baseline,base,210,0.6907077088236508,0.6419236962715223,0.7439923200792766,0.0,0.6419236962715223,0.11180271687518065,0.5783399501431078,0.33450281599113657,0.0871572338657557,0.03139064370948429,0.0,0.0,0.0,0.018694000578058548,0.24090945100213895,0.0,0.0,0.0,0.0,0.06207935918080846,0.03888475989925265,0.024422973698336018,0.049589165531194516,0.03128741896857839,0.0016825632767661753,0.032422891118543296,30.967422271770097,20.435600968002152,6.606383417977621
pocus,POCUS,direct_flags,210,0.6907077088236508,0.5770572690862545,0.7002559973574466,0.0,0.5770572690862545,0.13179734918865355,0.5693922305764411,0.34531641604010027,0.08529135338345864,0.03139064370948429,0.0,0.0,0.0,0.01592757752178042,0.24090945100213895,0.0,0.0,0.0,0.0,0.06893348197696024,0.04077377265783063,0.024453941120607788,0.04559436805813617,0.03102935711631364,0.001548371113588505,0.03202031462901028,27.870680044593087,17.408144835765032,6.05929229117635
intrapartum_sensors,Intrapartum sensors,direct_flags,210,0.6907077088236508,0.6419236962715223,0.7326169536314464,0.0,0.6419236962715223,0.10029315826417276,0.5814121037463977,0.33449979415397285,0.08408810209962948,0.03139064370948429,0.0,0.0,0.0,0.019932697468929353,0.24090945100213895,0.0,0.0,0.0,0.0,0.05348073826334696,0.03496221974482844,0.024422973698336018,0.049104009248936785,0.03128741896857839,0.0016825632767661753,0.030399686196787647,24.77393781741608,13.982253293896209,6.554771047524671
ai_intrapartum_sensors,AI Intrapartum sensors,direct_flags,210,0.6907077088236508,0.6419236962715223,0.7308414880878649,0.0,0.6419236962715223,0.0983938230315042,0.5820394460763744,0.33413764162819976,0.08382291229542593,0.03139064370948429,0.0,0.0,0.0,0.024495231016970147,0.24090945100213895,0.0,0.0,0.0,0.0,0.051860109831124324,0.034322226351211856,0.024422973698336018,0.04771047524670713,0.03128741896857839,0.0016825632767661753,0.029770015277261655,23.741690408357076,12.906695348211887,6.43090135843759
diagnosis_base,Baseline,base,211,0.6912651224245427,0.6428320739914943,0.743806515545646,0.0,0.6428320739914943,0.11504397373962591,0.5953342305966801,0.3196052041274114,0.08506056527590848,0.03704735951112763,0.0,0.0,0.0,0.017930137495354888,0.2458219178082192,0.0,0.0,0.0,0.0,0.043560840662289935,0.03770799785292539,0.026198439241917504,0.046760807630372846,0.030771295264048888,0.0016206284322226351,0.045470498369049095,37.16090672612412,21.50422020321488,7.607663404764854
pocus,POCUS,direct_flags,211,0.6912651224245427,0.5776972624798712,0.6967773235889178,0.0,0.5776972624798712,0.1314257401213923,0.5809770656613258,0.33639648130694316,0.08262645303173106,0.03704735951112763,0.0,0.0,0.0,0.015576613402700359,0.2458219178082192,0.0,0.0,0.0,0.0,0.046605970519013995,0.03860605309880672,0.025702960485569182,0.04146537842190016,0.029945497336801685,0.001548371113588505,0.04177505264461786,34.06416449894711,20.668573977177545,7.039927329782403
intrapartum_sensors,Intrapartum sensors,direct_flags,211,0.6912651224245427,0.6428320739914943,0.7352182171022751,0.0,0.6428320739914943,0.10631116065898674,0.5986018060005825,0.31770074764540246,0.08369744635401495,0.03704735951112763,0.0,0.0,0.0,0.01859077583715265,0.2458219178082192,0.0,0.0,0.0,0.0,0.03807960692018663,0.033971262232131795,0.026198439241917504,0.04630661877038689,0.030771295264048888,0.0016206284322226351,0.04368471035137702,33.031917089888104,17.203376162571903,7.638630827036624
ai_intrapartum_sensors,AI Intrapartum sensors,direct_flags,211,0.6912651224245427,0.6428320739914943,0.7304079441760601,0.0,0.6428320739914943,0.10125314835459763,0.5993475379753288,0.3188908145580589,0.0817616474666123,0.03704735951112763,0.0,0.0,0.0,0.02477393781741608,0.2458219178082192,0.0,0.0,0.0,0.0,0.03471448036665428,0.03206160452537264,0.026198439241917504,0.04470663528634543,0.030771295264048888,0.0016206284322226351,0.042425368512325035,33.031917089888104,17.203376162571903,7.545728560221313
diagnosis_base,Baseline,base,212,0.6913993145877204,0.6427598166728602,0.7440645773979108,0.0,0.6427598166728602,0.11543622775506833,0.5954573906822856,0.3191451310024144,0.08539747831530001,0.040412486064659976,0.0,0.0,0.0,0.01866303315578678,0.2455931246471363,0.0,0.0,0.0,0.0,0.06362773029439696,0.03921507907015154,0.024536520913332506,0.05916842148726207,0.03089516495313597,0.001589661009950865,0.04559436805813617,30.967422271770097,19.359001935900196,7.576695982493084
pocus,POCUS,direct_flags,212,0.6913993145877204,0.5779966142284982,0.7020108179528469,0.0,0.5779966142284982,0.13693794128576736,0.582089552238806,0.33506708879843206,0.08284335896276195,0.040412486064659976,0.0,0.0,0.0,0.01603080226268632,0.2455931246471363,0.0,0.0,0.0,0.0,0.06953218547421446,0.039338948759238615,0.024102977001527727,0.05362525290061522,0.030668070523142986,0.001589661009950865,0.042889879846401587,38.19315413518312,22.850924918389552,6.6373508402493915
intrapartum_sensors,Intrapartum sensors,direct_flags,212,0.6913993145877204,0.6427598166728602,0.736983360171766,0.0,0.6427598166728602,0.10826210826210826,0.5983981693363845,0.31836384439359267,0.08323798627002288,0.040412486064659976,0.0,0.0,0.0,0.01983979520211404,0.2455931246471363,0.0,0.0,0.0,0.0,0.05663941533506751,0.036097691894793345,0.024536520913332506,0.058476815723192535,0.03089516495313597,0.001589661009950865,0.04374664519592056,28.90292745365209,17.208001720800173,7.587018456583674
ai_intrapartum_sensors,AI Intrapartum sensors,direct_flags,212,0.6913993145877204,0.6427598166728602,0.7353317643172715,0.0,0.6427598166728602,0.10642470787398324,0.597478176527643,0.3195926285160039,0.08292919495635305,0.040412486064659976,0.0,0.0,0.0,0.024195879268343035,0.2455931246471363,0.0,0.0,0.0,0.0,0.054925884636029564,0.03547834344935794,0.024536520913332506,0.05732069862504645,0.03089516495313597,0.001589661009950865,0.04324084396548165,27.870680044593087,16.132501613250163,7.494116189768364
diagnosis_base,Baseline,base,213,0.691007060572278,0.6428423964655848,0.7441781246129072,0.0,0.6428423964655848,0.11105949874065817,0.5801654428850265,0.33218700622734454,0.08764755088762896,0.03503447706346257,0.0,0.0,0.0,0.017857880176720756,0.24401466676252787,0.0,0.0,0.0,0.0,0.06568190263842438,0.045140179198150214,0.023287501548371115,0.05791940212230067,0.030967422271770097,0.0015070812172261448,0.032598373178083326,25.806185226475083,17.208186794867657,6.6992856847929305
pocus,POCUS,direct_flags,213,0.691007060572278,0.5792972459639126,0.7025166191832859,0.0,0.5792972459639126,0.13217928073000537,0.5682155408043733,0.34634908238969153,0.08543537680593519,0.03503447706346257,0.0,0.0,0.0,0.015277261654073249,0.24401466676252787,0.0,0.0,0.0,0.0,0.07354762789545398,0.04655435814856105,0.023339113918824064,0.05218010652793262,0.029862917544076963,0.0014038564763202445,0.03247450348899624,28.90292745365209,15.23046964241033,5.832197861183368
intrapartum_sensors,Intrapartum sensors,direct_flags,213,0.691007060572278,0.6428423964655848,0.7391304347826086,0.0,0.6428423964655848,0.10598084148808787,0.5819616246225772,0.3322294730690562,0.08580890230836662,0.03503447706346257,0.0,0.0,0.0,0.018312069036706718,0.24401466676252787,0.0,0.0,0.0,0.0,0.06018002394813989,0.04155828068871547,0.023287501548371115,0.05744456831413353,0.030967422271770097,0.0015070812172261448,0.03162806061356786,23.741690408357076,15.057163445509202,6.65799578843057
ai_intrapartum_sensors,AI Intrapartum sensors,direct_flags,213,0.691007060572278,0.6428423964655848,0.7356930509104422,0.0,0.6428423964655848,0.10240926545274372,0.5811914121560326,0.33313174075194035,0.08567684709202701,0.03503447706346257,0.0,0.0,0.0,0.024639745654238408,0.24401466676252787,0.0,0.0,0.0,0.0,0.05705231429869111,0.03963830050786572,0.023287501548371115,0.055782649985548535,0.030967422271770097,0.0015070812172261448,0.030647425574961806,21.67719559023907,12.906140096150743,6.575415995705851
diagnosis_base,Baseline,base,214,0.6913993145877204,0.6430282009992155,0.7440542549238202,0.0,0.6430282009992155,0.11342334530740328,0.5923734983618493,0.32380779031670914,0.08381871132144157,0.03134935381312193,0.0,0.0,0.0,0.018353358933069077,0.24181861613185762,0.0,0.0,0.0,0.0,0.08571782484825963,0.042384078615962675,0.027499070977331848,0.04559436805813617,0.03108096948676659,0.0014761137949543747,0.04162021553325901,37.16090672612412,29.03694144216809,5.584458483009207
pocus,POCUS,direct_flags,214,0.6913993145877204,0.5791733762748256,0.7007721210619762,0.0,0.5791733762748256,0.1330773359758867,0.5776450511945392,0.34067638845795845,0.08167856034750233,0.03134935381312193,0.0,0.0,0.0,0.015494033609975639,0.24181861613185762,0.0,0.0,0.0,0.0,0.09161195755398654,0.04363309798092407,0.026425533671910483,0.03974152524877163,0.029739047854989886,0.001321276683595524,0.03981378256740575,35.09641190800611,25.02094144011836,4.944465089392626
intrapartum_sensors,Intrapartum sensors,direct_flags,214,0.6913993145877204,0.6430282009992155,0.7383975391221768,0.0,0.6430282009992155,0.1077046946612164,0.5963197239792984,0.3207782250335442,0.08290205098715737,0.03134935381312193,0.0,0.0,0.0,0.01917915686031628,0.24181861613185762,0.0,0.0,0.0,0.0,0.07754242536851233,0.03825508897972666,0.027499070977331848,0.0453672736281432,0.03108096948676659,0.0014761137949543747,0.04003055452330815,31.9996696808291,23.659730063988818,5.532846112556258
ai_intrapartum_sensors,AI Intrapartum sensors,direct_flags,214,0.6913993145877204,0.6430282009992155,0.7345782237086584,0.0,0.6430282009992155,0.10370989718815805,0.5972927241962775,0.3203941475067184,0.08231312829700409,0.03134935381312193,0.0,0.0,0.0,0.023906849993806517,0.24181861613185762,0.0,0.0,0.0,0.0,0.0734237582063669,0.03637639869523927,0.027499070977331848,0.043891159833188816,0.03108096948676659,0.0014761137949543747,0.03907056443288327,28.90292745365209,20.43340323708125,5.481233742103307
diagnosis_base,Baseline,base,215,0.6913270572690863,0.6426256245096825,0.7438994178124613,0.0,0.6426256245096825,0.10923242082662372,0.5755055755055755,0.33717633717633716,0.08731808731808732,0.03150419092448078,0.0,0.0,0.0,0.018384326355340846,0.24276169265033407,0.0,0.0,0.0,0.0,0.06849993806515546,0.03991700730831166,0.02594037738965275,0.048794335026219084,0.030853875056773606,0.0016515958544944052,0.027375201288244767,25.806185226475083,17.206706313785798,7.607663404764854
pocus,POCUS,direct_flags,215,0.6913270572690863,0.5771811387753417,0.6988211734588546,0.0,0.5771811387753417,0.1288554440728354,0.5650084114395578,0.3501562124489305,0.08483537611151165,0.03150419092448078,0.0,0.0,0.0,0.015979189892233372,0.24276169265033407,0.0,0.0,0.0,0.0,0.07525083612040134,0.039844749989677526,0.025713282959659772,0.042993104587307485,0.030120979396341716,0.0015277261654073249,0.026456501094182253,25.806185226475083,15.233286908077995,6.916057640695322
intrapartum_sensors,Intrapartum sensors,direct_flags,215,0.6913270572690863,0.6426256245096825,0.7341137123745819,0.0,0.6426256245096825,0.09938478054420083,0.5795596177814707,0.33537598670544244,0.08506439551308682,0.03150419092448078,0.0,0.0,0.0,0.01916883438622569,0.24276169265033407,0.0,0.0,0.0,0.0,0.05995292951814691,0.035963499731615674,0.02594037738965275,0.04861885296667905,0.030853875056773606,0.0016515958544944052,0.02583715264874685,22.70944299929807,13.980448879950963,7.690243197489575
ai_intrapartum_sensors,AI Intrapartum sensors,direct_flags,215,0.6913270572690863,0.6426256245096825,0.7333911391882406,0.0,0.6426256245096825,0.0985899500392254,0.5799392733745158,0.3350434509475448,0.08501727567793949,0.03150419092448078,0.0,0.0,0.0,0.02477393781741608,0.24276169265033407,0.0,0.0,0.0,0.0,0.05920971138362443,0.03544737602708617,0.02594037738965275,0.04707048185309055,0.030853875056773606,0.0016515958544944052,0.02565134811511623,21.67719559023907,12.905029735339347,7.576695982493084
diagnosis_base,Baseline,base,216,0.6907386762459227,0.6432140055328461,0.7441058672942731,0.0,0.6432140055328461,0.11383624427102688,0.5945774392455567,0.3218171926006529,0.08360536815379035,0.02819067674140138,0.0,0.0,0.0,0.017599818324456007,0.2432528725394139,0.0,0.0,0.0,0.0,0.04013377926421405,0.04469631281225484,0.02820099921549197,0.05734134357322763,0.031122259383128948,0.0016619183285849952,0.04292084726867335,37.16090672612412,22.578702907276792,9.703125645154632
pocus,POCUS,direct_flags,216,0.6907386762459227,0.5777695197985053,0.7023824270201082,0.0,0.5777695197985053,0.13642181758123786,0.580432808716707,0.3376210653753027,0.08194612590799032,0.02819067674140138,0.0,0.0,0.0,0.015504356084066228,0.2432528725394139,0.0,0.0,0.0,0.0,0.04366406540319584,0.046409843511292785,0.027571328295965977,0.052799454973368014,0.030678392997233576,0.0014761137949543747,0.04024732647921054,38.19315413518312,21.75663033309401,9.166356992443948
intrapartum_sensors,Intrapartum sensors,direct_flags,216,0.6907386762459227,0.6432140055328461,0.7367356207935918,0.0,0.6432140055328461,0.10632148313307734,0.5988349514563107,0.3192233009708738,0.08194174757281554,0.02819067674140138,0.0,0.0,0.0,0.018384326355340846,0.2432528725394139,0.0,0.0,0.0,0.0,0.03477641521119782,0.03963830050786572,0.02820099921549197,0.05689747718733226,0.031122259383128948,0.0016619183285849952,0.04114538172509187,35.09641190800611,20.428350249440907,10.08505718650646
ai_intrapartum_sensors,AI Intrapartum sensors,direct_flags,216,0.6907386762459227,0.6432140055328461,0.7331124323877947,0.0,0.6432140055328461,0.10240926545274372,0.59913315190001,0.31982663038000203,0.0810402177199879,0.02819067674140138,0.0,0.0,0.0,0.023700400511994714,0.2432528725394139,0.0,0.0,0.0,0.0,0.03300094966761633,0.03817250918700194,0.02820099921549197,0.05509104422147901,0.031122259383128948,0.0016619183285849952,0.040185391634667,33.031917089888104,18.277997591605022,9.940542549238202
diagnosis_base,Baseline,base,217,0.6908419009868285,0.6421817581237871,0.7441265122424543,0.0,0.6421817581237871,0.11571493455551426,0.5970561998215879,0.31962533452274755,0.08331846565566459,0.029935174862711095,0.0,0.0,0.0,0.01982947272802345,0.24345198119543318,0.0,0.0,0.0,0.0,0.061697427639456626,0.045119534249969034,0.027065527065527065,0.0474317684462612,0.030771295264048888,0.0017032082249473553,0.04618274908129981,26.838432635534083,16.130072907929545,8.774102977001528
pocus,POCUS,direct_flags,217,0.6908419009868285,0.5765308229076345,0.7015463066187704,0.0,0.5765308229076345,0.1378463190057393,0.5818481353901452,0.3364534970795267,0.081698367530328,0.029935174862711095,0.0,0.0,0.0,0.016887567612205293,0.24345198119543318,0.0,0.0,0.0,0.0,0.06855155043560841,0.04744209092035179,0.026766175316899954,0.04345761592138404,0.030513233411784135,0.0015277261654073249,0.04429373632272183,35.09641190800611,19.585015287192487,8.237334324290847
intrapartum_sensors,Intrapartum sensors,direct_flags,217,0.6908419009868285,0.6421817581237871,0.7390272100417028,0.0,0.6421817581237871,0.11048144019158512,0.5989909371204335,0.31897598804073624,0.08203307483883024,0.029935174862711095,0.0,0.0,0.0,0.02132623147115901,0.24345198119543318,0.0,0.0,0.0,0.0,0.05494652958421074,0.04123828399190718,0.027065527065527065,0.046802097526735205,0.030771295264048888,0.0017032082249473553,0.04416986663363475,23.741690408357076,12.904058326343636,9.011519881085098
ai_intrapartum_sensors,AI Intrapartum sensors,direct_flags,217,0.6908419009868285,0.6421817581237871,0.7323072794087286,0.0,0.6421817581237871,0.10351377018043685,0.6007179896290387,0.31800957319505385,0.08127243717590746,0.029935174862711095,0.0,0.0,0.0,0.0245468433874231,0.24345198119543318,0.0,0.0,0.0,0.0,0.04913497667120856,0.038771212684256165,0.027065527065527065,0.04596597712539741,0.030771295264048888,0.0017032082249473553,0.04248730335686857,22.70944299929807,11.828720132481665,8.980552458813328
diagnosis_base,Baseline,base,218,0.6908212560386473,0.642336595235146,0.7438684503901896,0.0,0.642336595235146,0.12062843222263513,0.6168064350504877,0.3024987164128016,0.08069484853671059,0.03147322350220901,0.0,0.0,0.0,0.01879722531896445,0.2425809531386745,0.0,0.0,0.0,0.0,0.051953012097939635,0.038265411453817254,0.02513522441058673,0.03882282505470911,0.030482265989512366,0.0017032082249473553,0.06322515380486395,39.225401544242125,24.726928700438634,5.233494363929147
pocus,POCUS,direct_flags,218,0.6908212560386473,0.5769333993971675,0.6975927990420744,0.0,0.5769333993971675,0.1390850158966101,0.6014546534065608,0.3212854386225323,0.07725990797090693,0.03147322350220901,0.0,0.0,0.0,0.01624757421858871,0.2425809531386745,0.0,0.0,0.0,0.0,0.05864197530864197,0.039122176803336225,0.02522812667740204,0.034497708410751886,0.030182914240885254,0.0015070812172261448,0.06083033981584706,45.41888599859614,27.194308775059554,4.738015607580825
intrapartum_sensors,Intrapartum sensors,direct_flags,218,0.6908212560386473,0.642336595235146,0.7358169205995293,0.0,0.642336595235146,0.1126698046987902,0.6208886852954649,0.30105359596885023,0.07805771873568483,0.03147322350220901,0.0,0.0,0.0,0.020180436847103515,0.2425809531386745,0.0,0.0,0.0,0.0,0.04554275568768323,0.03474544778892605,0.02513522441058673,0.03840992609108551,0.030482265989512366,0.0017032082249473553,0.06090259713448119,36.128659317065114,21.501677130816205,5.212849415747967
ai_intrapartum_sensors,AI Intrapartum sensors,direct_flags,218,0.6908212560386473,0.642336595235146,0.7300673025310707,0.0,0.642336595235146,0.10647632024443619,0.624236548715463,0.2994667959282598,0.07629665535627726,0.03147322350220901,0.0,0.0,0.0,0.023896527519715924,0.2425809531386745,0.0,0.0,0.0,0.0,0.04131054131054131,0.033207399149428135,0.02513522441058673,0.03750154837111359,0.030482265989512366,0.0017032082249473553,0.059044551798174985,35.09641190800611,20.426593274275394,5.181881993476196
diagnosis_base,Baseline,base,219,0.6909864156240968,0.6444217350014452,0.743806515545646,0.0,0.6444217350014452,0.10860274990709773,0.5810284193517726,0.3332382853340937,0.08573329531413364,0.03140096618357488,0.0,0.0,0.0,0.017300466575828895,0.241026859995246,0.0,0.0,0.0,0.0,0.046017589495850365,0.042208596556422645,0.02215202939840621,0.05283042239563979,0.030502910937693545,0.0015380486394979149,0.030265494033609976,24.77393781741608,17.19764392278258,6.2760642470787396
pocus,POCUS,direct_flags,219,0.6909864156240968,0.581227548618853,0.6999669680829101,0.0,0.581227548618853,0.1269664313142574,0.5694308943089431,0.3442276422764228,0.08634146341463414,0.03140096618357488,0.0,0.0,0.0,0.014616623312275485,0.241026859995246,0.0,0.0,0.0,0.0,0.05013625665799579,0.04396341715182295,0.02242041372476155,0.04718402906808704,0.029264214046822744,0.0015070812172261448,0.029284858995003923,27.870680044593087,14.131817242991163,5.532846112556258
intrapartum_sensors,Intrapartum sensors,direct_flags,219,0.6909864156240968,0.6444217350014452,0.7319356703414674,0.0,0.6444217350014452,0.0966286799620133,0.5826300608909305,0.333084072214507,0.08428586689456255,0.03140096618357488,0.0,0.0,0.0,0.017620463272637187,0.241026859995246,0.0,0.0,0.0,0.0,0.039906684834221065,0.0381105743424584,0.02215202939840621,0.052654940336099756,0.030502910937693545,0.0015380486394979149,0.028995829720467402,22.70944299929807,15.047938432434757,6.19348445435402
ai_intrapartum_sensors,AI Intrapartum sensors,direct_flags,219,0.6909864156240968,0.6444217350014452,0.7312853544737603,0.0,0.6444217350014452,0.09575126966431315,0.5817162570073308,0.33408796895213455,0.08419577404053472,0.03140096618357488,0.0,0.0,0.0,0.024330071431520706,0.241026859995246,0.0,0.0,0.0,0.0,0.03946281844832569,0.03797638217928073,0.02215202939840621,0.05097237705933358,0.030502910937693545,0.0015380486394979149,0.028603575705024982,21.67719559023907,13.973085687260845,6.141872083901069
diagnosis_base,Baseline,base,220,0.6914199595359015,0.643823031504191,0.7437342582270119,0.0,0.643823031504191,0.11563235476278955,0.6058739510801643,0.31101589001963936,0.0831101589001964,0.036975102192493496,0.0,0.0,0.0,0.017816590280358396,0.24408858603066438,0.0,0.0,0.0,0.0,0.04777241009125067,0.03870927783971262,0.024422973698336018,0.04591436475494447,0.0312770964944878,0.001610305958132045,0.0502291589248111,34.06416449894711,24.729587338451285,6.3379990916222795
pocus,POCUS,direct_flags,220,0.6914199595359015,0.5783372558734877,0.6956005615425905,0.0,0.5783372558734877,0.13127090301003344,0.589997640953055,0.3309742863882991,0.0790280726586459,0.036975102192493496,0.0,0.0,0.0,0.015174036913167347,0.24408858603066438,0.0,0.0,0.0,0.0,0.05102398942978653,0.0396589454560469,0.023844915149262975,0.03974152524877163,0.030079689499979356,0.0014657913208637847,0.045862752384491515,36.128659317065114,22.842970891528523,5.4915562161938976
intrapartum_sensors,Intrapartum sensors,direct_flags,220,0.6914199595359015,0.643823031504191,0.7371691647053966,0.0,0.643823031504191,0.10896403650026838,0.6088480485032209,0.3083554376657825,0.0827965138309966,0.036975102192493496,0.0,0.0,0.0,0.01839464882943144,0.24408858603066438,0.0,0.0,0.0,0.0,0.043147941698666335,0.035529955819810895,0.024422973698336018,0.04579049506585738,0.0312770964944878,0.001610305958132045,0.04885626987076262,29.935174862711094,20.428789540459753,6.348321565712871
ai_intrapartum_sensors,AI Intrapartum sensors,direct_flags,220,0.6914199595359015,0.643823031504191,0.7332466245509723,0.0,0.643823031504191,0.10482472438994178,0.6098473658296406,0.3087149187592319,0.08143771541112753,0.036975102192493496,0.0,0.0,0.0,0.02441265122424543,0.24408858603066438,0.0,0.0,0.0,0.0,0.04046409843511293,0.03420867913621537,0.024422973698336018,0.04429373632272183,0.0312770964944878,0.001610305958132045,0.047834344935794214,28.90292745365209,19.353590090961873,6.2760642470787396
diagnosis_base,Baseline,base,221,0.6913477022172674,0.6430901358437591,0.7438684503901896,0.0,0.6430901358437591,0.11035757050249805,0.583294359741839,0.32812646150968106,0.08857917874848004,0.03501383211528139,0.0,0.0,0.0,0.01893141748214212,0.24266704821862928,0.0,0.0,0.0,0.0,0.045645980428589125,0.039751847722862214,0.02546554358148561,0.05194268962384904,0.030513233411784135,0.001610305958132045,0.032329988851727984,24.77393781741608,16.13076674911281,6.56509352161526
pocus,POCUS,direct_flags,221,0.6913477022172674,0.5774804905239688,0.6995024567488336,0.0,0.5774804905239688,0.13031091291960858,0.572084917617237,0.3443441064638783,0.08357097591888467,0.03501383211528139,0.0,0.0,0.0,0.01609273710722986,0.24266704821862928,0.0,0.0,0.0,0.0,0.04983690490936868,0.04128989636236013,0.02539328626285148,0.046471778355836324,0.030244849085428797,0.0014864362690449647,0.030740327841777118,31.9996696808291,16.31640777966323,5.842520335273958
intrapartum_sensors,Intrapartum sensors,direct_flags,221,0.6913477022172674,0.6430901358437591,0.7347949956645609,0.0,0.6430901358437591,0.10119121351005408,0.5869631745384066,0.3274507803733551,0.08558604508823829,0.03501383211528139,0.0,0.0,0.0,0.020139146950741153,0.24266704821862928,0.0,0.0,0.0,0.0,0.039277013914695076,0.03543705355299558,0.02546554358148561,0.05151946818613485,0.030513233411784135,0.001610305958132045,0.030833230108592426,22.70944299929807,13.979997849231099,6.4721912547999505
ai_intrapartum_sensors,AI Intrapartum sensors,direct_flags,221,0.6913477022172674,0.6430901358437591,0.7326995334241712,0.0,0.6430901358437591,0.0990131714769396,0.5873644703919934,0.3273561301084237,0.08527939949958299,0.03501383211528139,0.0,0.0,0.0,0.024133944423799496,0.24266704821862928,0.0,0.0,0.0,0.0,0.03797638217928073,0.03468351294438251,0.02546554358148561,0.05040464098435113,0.030513233411784135,0.001610305958132045,0.030399686196787647,21.67719559023907,12.904613399290245,6.39993393616582
diagnosis_base,Baseline,base,222,0.6911722201577274,0.6442565754159957,0.7441265122424543,0.0,0.6442565754159957,0.11676782691275445,0.6079384724186704,0.3110855728429986,0.08097595473833098,0.029955819810892275,0.0,0.0,0.0,0.019757215409389323,0.24179303449425096,0.0,0.0,0.0,0.0,0.07190635451505016,0.03753251579338536,0.0228849250588381,0.03643833353978281,0.030957099797679508,0.0016309509063132251,0.05544200834055907,40.25764895330113,30.103318890907723,5.667038275733928
pocus,POCUS,direct_flags,222,0.6911722201577274,0.579390148230728,0.7016495313596763,0.0,0.579390148230728,0.1389714686816136,0.5960781400876476,0.32570749461487036,0.07821436529748199,0.029955819810892275,0.0,0.0,0.0,0.016495313596762873,0.24179303449425096,0.0,0.0,0.0,0.0,0.08227011850200255,0.03801767207564309,0.022946859903381644,0.03350675089805524,0.030410008670878237,0.0014761137949543747,0.054843304843304845,43.35439118047814,26.092628832354862,5.150914571204426
intrapartum_sensors,Intrapartum sensors,direct_flags,222,0.6911722201577274,0.6442565754159957,0.7364569139931458,0.0,0.6442565754159957,0.10888145670754366,0.6131968145620023,0.30735684489950704,0.07944634053849071,0.029955819810892275,0.0,0.0,0.0,0.021088814567075436,0.24179303449425096,0.0,0.0,0.0,0.0,0.06403030678392997,0.03354804079441761,0.0228849250588381,0.035963499731615674,0.030957099797679508,0.0016309509063132251,0.05305751682563277,38.19315413518312,27.953081827271458,5.615425905280978
ai_intrapartum_sensors,AI Intrapartum sensors,direct_flags,222,0.6911722201577274,0.6442565754159957,0.7299021429456212,0.0,0.6442565754159957,0.1018931417482142,0.6148313240806402,0.3080741566204032,0.07709451929895654,0.029955819810892275,0.0,0.0,0.0,0.02508361204013378,0.24179303449425096,0.0,0.0,0.0,0.0,0.05894132705726909,0.031431933605846646,0.0228849250588381,0.03508608943391552,0.030957099797679508,0.0016309509063132251,0.05118914901523597,36.128659317065114,25.802844763635193,5.574136008918618
diagnosis_base,Baseline,base,223,0.6910689954168215,0.6445043147941699,0.7443019943019943,0.0,0.6445043147941699,0.10857178248482596,0.579958166951892,0.33418900931736073,0.08585282373074729,0.033517073372145836,0.0,0.0,0.0,0.019385606342128082,0.2437504691839952,0.0,0.0,0.0,0.0,0.06252322556670382,0.04046409843511293,0.0259919897601057,0.04263181799413684,0.030750650315867708,0.0016515958544944052,0.029553243321359262,28.90292745365209,20.42681287964307,6.585738469796441
pocus,POCUS,direct_flags,223,0.6910689954168215,0.5789978942152855,0.7008547008547008,0.0,0.5789978942152855,0.12959866220735786,0.5702907208283552,0.345679012345679,0.08403026682596575,0.033517073372145836,0.0,0.0,0.0,0.01619596184813576,0.2437504691839952,0.0,0.0,0.0,0.0,0.06673479499566456,0.042342788719600316,0.025909409967380982,0.03878153515834675,0.030440976093150007,0.0015070812172261448,0.02873776786820265,34.06416449894711,19.571812241081233,6.121227135719889
intrapartum_sensors,Intrapartum sensors,direct_flags,223,0.6910689954168215,0.6445043147941699,0.7367872331640447,0.0,0.6445043147941699,0.10098476402824229,0.5842788510681795,0.3314934069303895,0.08422774200143106,0.033517073372145836,0.0,0.0,0.0,0.020655270655270654,0.2437504691839952,0.0,0.0,0.0,0.0,0.05653619059416161,0.03659317065114166,0.0259919897601057,0.0420434369709732,0.030750650315867708,0.0016515958544944052,0.02840744869730377,26.838432635534083,18.276622050206957,6.647673314339981
ai_intrapartum_sensors,AI Intrapartum sensors,direct_flags,223,0.6910689954168215,0.6445043147941699,0.7321627647714605,0.0,0.6445043147941699,0.09621578099838969,0.5855594893251796,0.3320459178199764,0.0823945928548439,0.033517073372145836,0.0,0.0,0.0,0.02440232875015484,0.2437504691839952,0.0,0.0,0.0,0.0,0.0537491225897023,0.03513770180436847,0.0259919897601057,0.04089764234691771,0.030750650315867708,0.0016515958544944052,0.027695197985053058,26.838432635534083,18.276622050206957,6.575415995705851
diagnosis_base,Baseline,base,224,0.690903835831372,0.6431314257401214,0.7442194145092695,0.0,0.6431314257401214,0.10992402659069325,0.5835289698563245,0.3280120199079726,0.08845901023570288,0.03347578347578348,0.0,0.0,0.0,0.019199801808497462,0.2432675718250694,0.0,0.0,0.0,0.0,0.05672199512779223,0.041971179652339076,0.024340393905611296,0.04933110367892977,0.030657748049052396,0.001599983484041455,0.029573888269540445,29.935174862711094,21.508382892232248,7.143152070688302
pocus,POCUS,direct_flags,224,0.690903835831372,0.5774392006276065,0.6984392419175028,0.0,0.5774392006276065,0.12865931706511416,0.5746951219512195,0.3428273427471117,0.0824775353016688,0.03347578347578348,0.0,0.0,0.0,0.016505636070853463,0.2432675718250694,0.0,0.0,0.0,0.0,0.06159420289855073,0.0432924563359346,0.024113299475618317,0.04346793839547463,0.030337751352244105,0.0014657913208637847,0.02815970931912961,31.9996696808291,19.582884558895525,6.585738469796441
intrapartum_sensors,Intrapartum sensors,direct_flags,224,0.690903835831372,0.6431314257401214,0.737840125521285,0.0,0.6431314257401214,0.10344151286180271,0.5875661111665502,0.32471809200678575,0.087715796826664,0.03347578347578348,0.0,0.0,0.0,0.020572690862545935,0.2432675718250694,0.0,0.0,0.0,0.0,0.05135430860068541,0.03866798794335026,0.024340393905611296,0.048670465337132006,0.030657748049052396,0.001599983484041455,0.02830422395639787,26.838432635534083,18.28212545839741,7.174119492960073
ai_intrapartum_sensors,AI Intrapartum sensors,direct_flags,224,0.690903835831372,0.6431314257401214,0.734185969693216,0.0,0.6431314257401214,0.09969445476691853,0.5883205632636157,0.3254296955891489,0.08624974114723545,0.03347578347578348,0.0,0.0,0.0,0.024371361327883066,0.2432675718250694,0.0,0.0,0.0,0.0,0.04870143275940377,0.03761509558611008,0.024340393905611296,0.04768983029852595,0.030657748049052396,0.001599983484041455,0.027777777777777776,25.806185226475083,17.206706313785798,7.101862174325942
diagnosis_base,Baseline,base,225,0.6904393244972955,0.6436991618151039,0.744260704405632,0.0,0.6436991618151039,0.11321689582559148,0.5944566010211525,0.32047775346462437,0.0850656455142232,0.030120979396341716,0.0,0.0,0.0,0.018353358933069077,0.24330859668139748,0.0,0.0,0.0,0.0,0.05614393657871919,0.04196085717824848,0.023576530822907636,0.04895949461166853,0.030626780626780627,0.0016515958544944052,0.04213633923778851,21.67719559023907,12.903087063579962,6.23477435071638
pocus,POCUS,direct_flags,225,0.6904393244972955,0.5777901647466865,0.7004934142615302,0.0,0.5777901647466865,0.1347289318303811,0.5856573705179283,0.3330524057615691,0.08129022372050261,0.030120979396341716,0.0,0.0,0.0,0.015555968454519179,0.24330859668139748,0.0,0.0,0.0,0.0,0.06223419629216731,0.04419051158181593,0.024164911846071266,0.043870514885007636,0.030853875056773606,0.001558693587679095,0.04160989305916842,30.967422271770097,16.31676275426955,5.852842809364548
intrapartum_sensors,Intrapartum sensors,direct_flags,225,0.6904393244972955,0.6436991618151039,0.736477558941327,0.0,0.6436991618151039,0.10530988067219951,0.5996863360125465,0.3182709272691629,0.08204273671829053,0.030120979396341716,0.0,0.0,0.0,0.01908625459350097,0.24330859668139748,0.0,0.0,0.0,0.0,0.049434328419835666,0.037408646104298275,0.023576530822907636,0.04860853049258847,0.030626780626780627,0.0016515958544944052,0.040144101738304634,21.67719559023907,12.903087063579962,6.172839506172839
ai_intrapartum_sensors,AI Intrapartum sensors,direct_flags,225,0.6904393244972955,0.6436991618151039,0.7337111358850489,0.0,0.6436991618151039,0.10240926545274372,0.6018546517488157,0.31690353794980347,0.0812418103013809,0.030120979396341716,0.0,0.0,0.0,0.024660390602419587,0.24330859668139748,0.0,0.0,0.0,0.0,0.047638217928073004,0.036407366117511046,0.023576530822907636,0.04720467401626822,0.030626780626780627,0.0016515958544944052,0.039514430818778645,20.644948181180066,11.827829808281631,6.1109046616292995
diagnosis_base,Baseline,base,226,0.6899128783186754,0.6431623931623932,0.7442813493538131,0.0,0.6431623931623932,0.11204013377926421,0.5900128984706099,0.32356734844297036,0.08641975308641975,0.030172591766794665,0.0,0.0,0.0,0.01878690284487386,0.24441842963458482,0.0,0.0,0.0,0.0,0.04795821462488129,0.042621495520046244,0.024123621949708907,0.050156901606176967,0.030668070523142986,0.0016515958544944052,0.036603493125232256,26.838432635534083,17.207076410173684,6.1109046616292995
pocus,POCUS,direct_flags,226,0.6899128783186754,0.5779759692803171,0.6990276229406664,0.0,0.5779759692803171,0.13085800404640985,0.5787646919618206,0.33801372564486865,0.08322158239331072,0.030172591766794665,0.0,0.0,0.0,0.0157417729881498,0.24441842963458482,0.0,0.0,0.0,0.0,0.0516743052974937,0.04429373632272183,0.024361038853792476,0.04431438127090301,0.030440976093150007,0.0014864362690449647,0.03501383211528139,31.9996696808291,16.318005287033714,5.574136008918618
intrapartum_sensors,Intrapartum sensors,direct_flags,226,0.6899128783186754,0.6431623931623932,0.7376646434617449,0.0,0.6431623931623932,0.1053202031462901,0.5958051553464667,0.3190238165245516,0.08517102812898167,0.030172591766794665,0.0,0.0,0.0,0.019530120979396343,0.24441842963458482,0.0,0.0,0.0,0.0,0.04259052809777447,0.03919443412197035,0.024123621949708907,0.0498162599611875,0.030668070523142986,0.0016515958544944052,0.03525124901936496,24.77393781741608,15.056191858901975,6.05929229117635
ai_intrapartum_sensors,AI Intrapartum sensors,direct_flags,226,0.6899128783186754,0.6431623931623932,0.7350840249390974,0.0,0.6431623931623932,0.10259506998637434,0.5965388872119931,0.3196498641714458,0.08381124861656102,0.030172591766794665,0.0,0.0,0.0,0.025021677195590238,0.24441842963458482,0.0,0.0,0.0,0.0,0.040804740080102396,0.03847186093562905,0.024123621949708907,0.04817498658078368,0.030668070523142986,0.0016515958544944052,0.03473512531483546,24.77393781741608,15.056191858901975,5.976712498451629
diagnosis_base,Baseline,base,227,0.6892832073991494,0.6444217350014452,0.7443329617242661,0.0,0.6444217350014452,0.11765555968454519,0.6119494648183892,0.30619406913493596,0.08185646604667486,0.033341591312605806,0.0,0.0,0.0,0.01908625459350097,0.2434795718377808,0.0,0.0,0.0,0.0,0.048928527189396755,0.0375944506379289,0.026229406664189273,0.04854659564804492,0.030946777323588918,0.001599983484041455,0.05850778314546431,47.48338081671415,33.330107839026326,7.669598249308394
pocus,POCUS,direct_flags,227,0.6892832073991494,0.5796482100829927,0.7012985672405962,0.0,0.5796482100829927,0.13879598662207357,0.5966086568496207,0.32284694332887104,0.08054439982150825,0.033341591312605806,0.0,0.0,0.0,0.01604112473677691,0.2434795718377808,0.0,0.0,0.0,0.0,0.053790412486064657,0.03823444403154548,0.026497790990544615,0.04377761261819233,0.030234526611338207,0.0014657913208637847,0.054998141954663696,41.28989636236013,23.92370512945987,7.184441967050662
intrapartum_sensors,Intrapartum sensors,direct_flags,227,0.6892832073991494,0.6444217350014452,0.7374581939799331,0.0,0.6444217350014452,0.11083240431066518,0.6183291422184968,0.30334357828071157,0.07832727950079166,0.033341591312605806,0.0,0.0,0.0,0.020170114373012922,0.2434795718377808,0.0,0.0,0.0,0.0,0.04265246294231802,0.0338680374912259,0.026229406664189273,0.048185309054874274,0.030946777323588918,0.001599983484041455,0.05651554564598043,42.322143771419135,27.954283994022088,7.814112886576654
ai_intrapartum_sensors,AI Intrapartum sensors,direct_flags,227,0.6892832073991494,0.6444217350014452,0.7337627482555019,0.0,0.6444217350014452,0.1067859944671539,0.6171097148380861,0.304978250362494,0.07791203479942001,0.033341591312605806,0.0,0.0,0.0,0.024422973698336018,0.2434795718377808,0.0,0.0,0.0,0.0,0.039968619678764604,0.03274288781535158,0.026229406664189273,0.0467091952599199,0.030946777323588918,0.001599983484041455,0.05507039927329782,41.28989636236013,26.87911922502123,7.752178042033115
diagnosis_base,Baseline,base,228,0.6898406210000413,0.643998513563731,0.7443123167760849,0.0,0.643998513563731,0.11502332879144474,0.6011846001974334,0.31454724939423856,0.0842681504083281,0.03710929435567117,0.0,0.0,0.0,0.017837235228539576,0.2449577541564459,0.0,0.0,0.0,0.0,0.07040959577191461,0.04657500309674223,0.024278459061067757,0.04780337751352244,0.030616458152690037,0.0016412733804038152,0.048670465337132006,38.19315413518312,26.886056890896384,5.429621371650357
pocus,POCUS,direct_flags,228,0.6898406210000413,0.5786366076221149,0.7026301663982824,0.0,0.5786366076221149,0.1378463190057393,0.5861914033248465,0.33053766661674405,0.08327093005840946,0.03710929435567117,0.0,0.0,0.0,0.014430818778644865,0.2449577541564459,0.0,0.0,0.0,0.0,0.07645856558900037,0.049062719352574426,0.024350716379701886,0.04292084726867335,0.029811305173624014,0.0014554688467731947,0.04747305834262356,40.25764895330113,19.58522838552434,5.109624674842066
intrapartum_sensors,Intrapartum sensors,direct_flags,228,0.6898406210000413,0.643998513563731,0.7383252818035426,0.0,0.643998513563731,0.10889177918163426,0.6072613517868992,0.311309128827377,0.08142951938572376,0.03710929435567117,0.0,0.0,0.0,0.01825013419216318,0.2449577541564459,0.0,0.0,0.0,0.0,0.06216193897353318,0.04212601676369793,0.024278459061067757,0.04759692803171064,0.030616458152690037,0.0016412733804038152,0.046740162682191666,34.06416449894711,22.58428778835296,5.388331475287997
ai_intrapartum_sensors,AI Intrapartum sensors,direct_flags,228,0.6898406210000413,0.643998513563731,0.7341962921673066,0.0,0.643998513563731,0.10441182542631817,0.6074147305981216,0.3123084527928819,0.08027681660899653,0.03710929435567117,0.0,0.0,0.0,0.024639745654238408,0.2449577541564459,0.0,0.0,0.0,0.0,0.057847144803666546,0.040144101738304634,0.024278459061067757,0.04555307816177381,0.030616458152690037,0.0016412733804038152,0.04539824105041496,34.06416449894711,22.58428778835296,5.295429208472687
diagnosis_base,Baseline,base,229,0.6894380445105083,0.6438746438746439,0.7443019943019943,0.0,0.6438746438746439,0.11699492134274743,0.6087877183695076,0.3091582848067761,0.08205399682371625,0.02494941987695611,0.0,0.0,0.0,0.017878525124901935,0.24194194194194193,0.0,0.0,0.0,0.0,0.06116065898674594,0.04377761261819233,0.024041042156984185,0.046172426607209216,0.030946777323588918,0.0017135306990379454,0.05820843139683719,51.61237045295017,27.950978284239945,5.594780957099798
pocus,POCUS,direct_flags,229,0.6894380445105083,0.5776559725835089,0.702258557331021,0.0,0.5776559725835089,0.14097402865518807,0.5933953284030168,0.3254008933147836,0.0812037782821996,0.02494941987695611,0.0,0.0,0.0,0.014823072794087287,0.24194194194194193,0.0,0.0,0.0,0.0,0.06767414013790825,0.04596597712539741,0.024484908542879557,0.04171311780007432,0.030822907634501837,0.001548371113588505,0.05607167926008506,52.64461786200917,27.200226305882865,5.212849415747967
intrapartum_sensors,Intrapartum sensors,direct_flags,229,0.6894380445105083,0.6438746438746439,0.7365394937858706,0.0,0.6438746438746439,0.1091601635079896,0.6161702127659574,0.3060047281323877,0.07782505910165485,0.02494941987695611,0.0,0.0,0.0,0.01845658367397498,0.24194194194194193,0.0,0.0,0.0,0.0,0.053243321359263386,0.03904991948470209,0.024041042156984185,0.045976299599488006,0.030946777323588918,0.0017135306990379454,0.055607167926008505,50.58012304389116,26.875940657923028,5.429621371650357
ai_intrapartum_sensors,AI Intrapartum sensors,direct_flags,229,0.6894380445105083,0.6438746438746439,0.7329369503282547,0.0,0.6438746438746439,0.10528923572401833,0.6186274509803922,0.3050980392156863,0.07627450980392157,0.02494941987695611,0.0,0.0,0.0,0.024350716379701886,0.24194194194194193,0.0,0.0,0.0,0.0,0.0507452826293406,0.03783186754201247,0.024041042156984185,0.04430405879681242,0.030946777323588918,0.0017135306990379454,0.05442008340559065,50.58012304389116,26.875940657923028,5.326396630744457
diagnosis_base,Baseline,base,230,0.6895825591477766,0.6440914158305463,0.7443019943019943,0.0,0.6440914158305463,0.10897435897435898,0.5767737046509425,0.3329544378137729,0.09027185753528465,0.026890045005987035,0.0,0.0,0.0,0.018694000578058548,0.24320791709457568,0.0,0.0,0.0,0.0,0.052365911061563235,0.04254923820141211,0.024608778231966638,0.04830917874396135,0.031008712168132457,0.001599983484041455,0.029749370329080475,35.09641190800611,22.57384873371458,7.587018456583674
pocus,POCUS,direct_flags,230,0.6895825591477766,0.5790185391634667,0.7012469548701433,0.0,0.5790185391634667,0.12998059374870968,0.565200127064803,0.3476810673443456,0.08711880559085133,0.026890045005987035,0.0,0.0,0.0,0.015297906602254429,0.24320791709457568,0.0,0.0,0.0,0.0,0.05852842809364549,0.04335439118047814,0.02478426029150667,0.04388083735909823,0.030368718774515874,0.0014554688467731947,0.02887196003138032,35.09641190800611,18.4903197737655,7.174119492960073
intrapartum_sensors,Intrapartum sensors,direct_flags,230,0.6895825591477766,0.6440914158305463,0.7356001486436269,0.0,0.6440914158305463,0.10018993352326686,0.583144446733979,0.3308262930146301,0.08602926025139089,0.026890045005987035,0.0,0.0,0.0,0.019364961393946903,0.24320791709457568,0.0,0.0,0.0,0.0,0.0470188694826376,0.03801767207564309,0.024608778231966638,0.048205954003055454,0.031008712168132457,0.001599983484041455,0.0285829307568438,34.06416449894711,21.49890355591865,7.772822990214294
ai_intrapartum_sensors,AI Intrapartum sensors,direct_flags,230,0.6895825591477766,0.6440914158305463,0.7315124489037532,0.0,0.6440914158305463,0.09595771914612494,0.5846600688468159,0.33024956970740105,0.08509036144578314,0.026890045005987035,0.0,0.0,0.0,0.02505264461786201,0.24320791709457568,0.0,0.0,0.0,0.0,0.04510921177587844,0.036644783021594615,0.024608778231966638,0.0463995210372022,0.031008712168132457,0.001599983484041455,0.02795325983731781,33.031917089888104,20.423958378122716,7.628308352946034
diagnosis_base,Baseline,base,231,0.6898096535777695,0.6421507907015154,0.7442400594574508,0.0,0.6421507907015154,0.11741814278046162,0.6075604395604396,0.30936263736263736,0.08307692307692308,0.030348073826334695,0.0,0.0,0.0,0.01878690284487386,0.24414549078226208,0.0,0.0,0.0,0.0,0.05148850076386308,0.040319583797844664,0.023628143193360585,0.05398653949378587,0.030688715471324166,0.001569016061769685,0.05086915231842768,31.9996696808291,19.354214380181286,5.316074156653866
pocus,POCUS,direct_flags,231,0.6898096535777695,0.5760043767290144,0.6983876295470498,0.0,0.5760043767290144,0.13662826706304967,0.5886219401631912,0.3294802055001511,0.0818978543366576,0.030348073826334695,0.0,0.0,0.0,0.01560758082497213,0.24414549078226208,0.0,0.0,0.0,0.0,0.05614393657871919,0.04109376935463892,0.023865560097444154,0.04772079772079772,0.029873240018167553,0.0013935340022296545,0.047813699987613034,43.35439118047814,23.936980458719592,5.047689830298526
intrapartum_sensors,Intrapartum sensors,direct_flags,231,0.6898096535777695,0.6421507907015154,0.7353627317395434,0.0,0.6421507907015154,0.10843759032164829,0.611994288434079,0.30918610185625894,0.07881960970966206,0.030348073826334695,0.0,0.0,0.0,0.019726247987117553,0.24414549078226208,0.0,0.0,0.0,0.0,0.044964697138610184,0.036727362814319334,0.023628143193360585,0.05394524959742351,0.030688715471324166,0.001569016061769685,0.04931045873074859,29.935174862711094,17.203746115716697,5.192204467566786
ai_intrapartum_sensors,AI Intrapartum sensors,direct_flags,231,0.6898096535777695,0.6421507907015154,0.734185969693216,0.0,0.6421507907015154,0.10711631363805277,0.6139539365905368,0.3077960875012046,0.07824997590825865,0.030348073826334695,0.0,0.0,0.0,0.024846195136050207,0.24414549078226208,0.0,0.0,0.0,0.0,0.0443247037449936,0.03634543127296751,0.023628143193360585,0.051736240142037246,0.030688715471324166,0.001569016061769685,0.048598208018497874,29.935174862711094,17.203746115716697,5.1302696230232465
diagnosis_base,Baseline,base,232,0.6897270737850448,0.64223337049424,0.7443329617242661,0.0,0.64223337049424,0.11916264090177134,0.611053361053361,0.30786555786555786,0.08108108108108109,0.02846938354184731,0.0,0.0,0.0,0.017630785746727776,0.24325277826777209,0.0,0.0,0.0,0.0,0.07358891779181634,0.04779305503943185,0.022771377843841614,0.061387753416738924,0.030771295264048888,0.001589661009950865,0.05712457161732524,44.386638589537135,31.1804487834249,8.092819687022585
pocus,POCUS,direct_flags,232,0.6897270737850448,0.5755192204467566,0.7039824105041497,0.0,0.5755192204467566,0.14493785870597464,0.5951143080977138,0.32405099351898015,0.08083469838330604,0.02846938354184731,0.0,0.0,0.0,0.014719848053181387,0.24325277826777209,0.0,0.0,0.0,0.0,0.08004046409843511,0.04976464759073455,0.023132664437012264,0.055545233081464966,0.030327428878153515,0.0015070812172261448,0.05459556546513068,45.41888599859614,25.025569603725547,7.896692679301374
intrapartum_sensors,Intrapartum sensors,direct_flags,232,0.6897270737850448,0.64223337049424,0.7382943143812709,0.0,0.64223337049424,0.11306205871423262,0.6160869168264402,0.3065826714142244,0.07733041175933535,0.02846938354184731,0.0,0.0,0.0,0.018198521821710226,0.24325277826777209,0.0,0.0,0.0,0.0,0.06556835542342788,0.04317890912093811,0.022771377843841614,0.0608922746603906,0.030771295264048888,0.001589661009950865,0.054998141954663696,41.28989636236013,27.95488511617405,8.247656798381437
ai_intrapartum_sensors,AI Intrapartum sensors,direct_flags,232,0.6897270737850448,0.64223337049424,0.7354866014286304,0.0,0.64223337049424,0.11004789627978034,0.61729668886596,0.3064440484007129,0.07625926273332707,0.02846938354184731,0.0,0.0,0.0,0.024216524216524215,0.24325277826777209,0.0,0.0,0.0,0.0,0.06374127750939346,0.04212601676369793,0.022771377843841614,0.059374870969073866,0.030771295264048888,0.001589661009950865,0.05424460134605062,42.322143771419135,29.030073005257666,8.123787109294355
diagnosis_base,Baseline,base,233,0.6901090053263966,0.643998513563731,0.7443226392501755,0.0,0.643998513563731,0.10871629712209423,0.5740600075958983,0.3365932396505887,0.0893467527535131,0.03524092654527437,0.0,0.0,0.0,0.018136586977166688,0.24387456246874778,0.0,0.0,0.0,0.0,0.056371031008712165,0.03674800776250051,0.024206201742433625,0.04342664849911227,0.031173871753581897,0.0016309509063132251,0.02906808703910153,29.935174862711094,20.42198265206316,5.1302696230232465
pocus,POCUS,direct_flags,233,0.6901090053263966,0.5790185391634667,0.7019075932119411,0.0,0.5790185391634667,0.13046575003096741,0.5668961151989873,0.3456760819685102,0.08742780283250257,0.03524092654527437,0.0,0.0,0.0,0.014936620009083777,0.24387456246874778,0.0,0.0,0.0,0.0,0.0633903133903134,0.03866798794335026,0.024309426483339527,0.03989636236013048,0.030616458152690037,0.0014657913208637847,0.02849002849002849,37.16090672612412,17.398490680933428,4.892852718939675
intrapartum_sensors,Intrapartum sensors,direct_flags,233,0.6901090053263966,0.643998513563731,0.735373054213634,0.0,0.643998513563731,0.09968413229282795,0.5794760277518898,0.33374754064409234,0.08677643160401781,0.03524092654527437,0.0,0.0,0.0,0.01873529047442091,0.24387456246874778,0.0,0.0,0.0,0.0,0.04883562492258144,0.033052562038069284,0.024206201742433625,0.043302778810025186,0.031173871753581897,0.0016309509063132251,0.02766423056278129,30.967422271770097,21.49682384427701,4.9960774598455755
ai_intrapartum_sensors,AI Intrapartum sensors,direct_flags,233,0.6901090053263966,0.643998513563731,0.729654403567447,0.0,0.643998513563731,0.09371774226846691,0.5814517017292653,0.33351690714836435,0.0850313911223703,0.03524092654527437,0.0,0.0,0.0,0.02458813328378546,0.24387456246874778,0.0,0.0,0.0,0.0,0.045274371361327885,0.03144225607993724,0.024206201742433625,0.0414240885255378,0.031173871753581897,0.0016309509063132251,0.026879722531896445,29.935174862711094,20.42198265206316,4.913497667120855
diagnosis_base,Baseline,base,234,0.689974813163219,0.645784301581403,0.7443329617242661,0.0,0.645784301581403,0.1147446219909988,0.6063332133861101,0.31459157970492985,0.07907520690896006,0.03696477971840291,0.0,0.0,0.0,0.020118502002559973,0.2437712729748128,0.0,0.0,0.0,0.0,0.0694805731037615,0.04191956728188612,0.024061687105165368,0.052014946942483174,0.030657748049052396,0.0016206284322226351,0.05380073496015525,36.128659317065114,27.94406887138205,6.30703166935051
pocus,POCUS,direct_flags,234,0.689974813163219,0.5822804409760931,0.7061398075890829,0.0,0.5822804409760931,0.13891985631116066,0.5917669787486997,0.3243423985733393,0.08389062267796106,0.03696477971840291,0.0,0.0,0.0,0.016712085552665262,0.2437712729748128,0.0,0.0,0.0,0.0,0.07411536397043643,0.04212601676369793,0.024195879268343035,0.04651306825219869,0.029594533217721625,0.0015070812172261448,0.05009496676163343,54.70911268012717,32.601962638150816,5.6567158016433385
intrapartum_sensors,Intrapartum sensors,direct_flags,234,0.689974813163219,0.645784301581403,0.7386659234485321,0.0,0.645784301581403,0.10907758371526488,0.6106747421216996,0.3119144506482445,0.07741080723005583,0.03696477971840291,0.0,0.0,0.0,0.02148106858251786,0.2437712729748128,0.0,0.0,0.0,0.0,0.06098517692720591,0.0376976753788348,0.024061687105165368,0.051643337875221934,0.030657748049052396,0.0016206284322226351,0.0516743052974937,29.935174862711094,21.49543759337081,6.23477435071638
ai_intrapartum_sensors,AI Intrapartum sensors,direct_flags,234,0.689974813163219,0.645784301581403,0.7359304678145258,0.0,0.645784301581403,0.10597051901399727,0.6097798558347944,0.31209818819403856,0.07812195597116696,0.03696477971840291,0.0,0.0,0.0,0.0245468433874231,0.2437712729748128,0.0,0.0,0.0,0.0,0.05868326520500434,0.0365622032288699,0.024061687105165368,0.04999174202072753,0.030657748049052396,0.0016206284322226351,0.05060076799207234,30.967422271770097,22.57020947303935,6.162517032082249
diagnosis_base,Baseline,base,235,0.6900161030595813,0.6441636731491804,0.7442503819315414,0.0,0.6441636731491804,0.10840662289937653,0.5778899257284327,0.33269853361264523,0.08941154065892211,0.03363062058714233,0.0,0.0,0.0,0.019364961393946903,0.24426450742240216,0.0,0.0,0.0,0.0,0.05546265328874025,0.03868863289153144,0.025847475122837443,0.04092860976918948,0.030544200834055908,0.001548371113588505,0.02923324662455097,25.806185226475083,16.12071189063709,5.429621371650357
pocus,POCUS,direct_flags,235,0.6900161030595813,0.5775837152648747,0.6982224699616004,0.0,0.5775837152648747,0.12824641810149057,0.5695428203477141,0.34554088860270443,0.08491629104958145,0.03363062058714233,0.0,0.0,0.0,0.01592757752178042,0.24426450742240216,0.0,0.0,0.0,0.0,0.06133614104628597,0.03962797803377514,0.02597134481192452,0.036840910029315825,0.029893884966348736,0.0014761137949543747,0.02819067674140138,38.19315413518312,19.569471624266146,5.088979726660886
intrapartum_sensors,Intrapartum sensors,direct_flags,235,0.6900161030595813,0.6441636731491804,0.7337111358850489,0.0,0.6441636731491804,0.0977538296378876,0.5828933474128828,0.3300950369588173,0.0870116156282999,0.03363062058714233,0.0,0.0,0.0,0.020335273958462366,0.24426450742240216,0.0,0.0,0.0,0.0,0.04797885957306247,0.03450803088484248,0.025847475122837443,0.04076345018374004,0.030544200834055908,0.001548371113588505,0.02764358561460011,26.838432635534083,17.195426016679562,5.398653949378587
ai_intrapartum_sensors,AI Intrapartum sensors,direct_flags,235,0.6900161030595813,0.6441636731491804,0.7310685825178579,0.0,0.6441636731491804,0.09502869647797184,0.5857049750162937,0.328481425157506,0.0858135998262003,0.03363062058714233,0.0,0.0,0.0,0.0249597423510467,0.24426450742240216,0.0,0.0,0.0,0.0,0.046605970519013995,0.03391964986167885,0.025847475122837443,0.03915314422560799,0.030544200834055908,0.001548371113588505,0.027385523762335356,26.838432635534083,17.195426016679562,5.378009001197407
diagnosis_base,Baseline,base,236,0.6907077088236508,0.6439365787191874,0.7443329617242661,0.0,0.6439365787191874,0.12208390106940832,0.6256024351061131,0.29644034835545785,0.07795721653842902,0.03544737602708617,0.0,0.0,0.0,0.018012717288079606,0.24439541669632053,0.0,0.0,0.0,0.0,0.054822659895123665,0.04456212064907717,0.02567199306329741,0.05241752343201619,0.030306783929972336,0.0016309509063132251,0.07879144473347371,58.838102316363184,35.46404161114216,6.6373508402493915
pocus,POCUS,direct_flags,236,0.6907077088236508,0.576871464552624,0.7029501630950906,0.0,0.576871464552624,0.1494384574094719,0.6167714305450024,0.30724597637632106,0.07598259307867652,0.03544737602708617,0.0,0.0,0.0,0.014998554853627317,0.24439541669632053,0.0,0.0,0.0,0.0,0.059416160865436225,0.046100169288575084,0.02612618192328337,0.046471778355836324,0.030151946818613485,0.0015174036913167348,0.07558115529130022,69.16057640695323,38.05257779034117,6.18316198026343
intrapartum_sensors,Intrapartum sensors,direct_flags,236,0.6907077088236508,0.6439365787191874,0.7383459267517238,0.0,0.6439365787191874,0.11787233164044758,0.6387599614677292,0.28802872405639723,0.07321131447587355,0.03544737602708617,0.0,0.0,0.0,0.01875593542260209,0.24439541669632053,0.0,0.0,0.0,0.0,0.04793756967670011,0.04022668153102936,0.02567199306329741,0.05200462446839258,0.030306783929972336,0.0016309509063132251,0.07589082951401792,54.70911268012717,31.165369900700686,6.678640736611751
ai_intrapartum_sensors,AI Intrapartum sensors,direct_flags,236,0.6907077088236508,0.6439365787191874,0.7348156406127421,0.0,0.6439365787191874,0.11396011396011396,0.6420289855072464,0.286231884057971,0.07173913043478261,0.03544737602708617,0.0,0.0,0.0,0.024495231016970147,0.24439541669632053,0.0,0.0,0.0,0.0,0.04575952764358562,0.038750567736074985,0.02567199306329741,0.05007432181345225,0.030306783929972336,0.0016309509063132251,0.07438374829679177,53.676865271068166,30.090701973090315,6.585738469796441
diagnosis_base,Baseline,base,237,0.6906560964531979,0.6429765886287625,0.7443329617242661,0.0,0.6429765886287625,0.11835748792270531,0.609105180533752,0.3089133089133089,0.08198151055293912,0.04212601676369793,0.0,0.0,0.0,0.021057847144803667,0.24528188484192812,0.0,0.0,0.0,0.0,0.06884057971014493,0.04528469383541847,0.026177794293736324,0.054781369998761306,0.030678392997233576,0.001569016061769685,0.056329741112349806,35.09641190800611,22.572635516429653,5.501878690284488
pocus,POCUS,direct_flags,237,0.6906560964531979,0.5761488913662827,0.7026921012428259,0.0,0.5761488913662827,0.1430385234733061,0.5979649274734791,0.3210651656202641,0.08096990690625677,0.04212601676369793,0.0,0.0,0.0,0.017166274412651224,0.24528188484192812,0.0,0.0,0.0,0.0,0.07648953301127215,0.0463995210372022,0.026890045005987035,0.048164664106693095,0.030234526611338207,0.0014245014245014246,0.05444072835377183,43.35439118047814,20.659809059869954,5.016722408026756
intrapartum_sensors,Intrapartum sensors,direct_flags,237,0.6906560964531979,0.6429765886287625,0.7400388125025806,0.0,0.6429765886287625,0.11406333870101985,0.6142986425339366,0.30642533936651584,0.07927601809954751,0.04212601676369793,0.0,0.0,0.0,0.022957182377472234,0.24528188484192812,0.0,0.0,0.0,0.0,0.06275031999669681,0.041661505429621375,0.026177794293736324,0.05415169907923531,0.030678392997233576,0.001569016061769685,0.05448201825013419,36.128659317065114,23.647522921973923,5.378009001197407
ai_intrapartum_sensors,AI Intrapartum sensors,direct_flags,237,0.6906560964531979,0.6429765886287625,0.7357549857549858,0.0,0.6429765886287625,0.10957306247161319,0.6167687235044748,0.30485162505887897,0.07837965143664626,0.04212601676369793,0.0,0.0,0.0,0.024990709773318468,0.24528188484192812,0.0,0.0,0.0,0.0,0.059416160865436225,0.039886039886039885,0.026177794293736324,0.053243321359263386,0.030678392997233576,0.001569016061769685,0.05349106073743755,36.128659317065114,23.647522921973923,5.316074156653866
diagnosis_base,Baseline,base,238,0.6902431974895743,0.6431933605846649,0.7440955448201825,0.0,0.6431933605846649,0.12020521078492093,0.6190639759553457,0.30176041219407473,0.07917561185057964,0.03354804079441761,0.0,0.0,0.0,0.017940459969445478,0.24393905276589356,0.0,0.0,0.0,0.0,0.05050786572525703,0.040040876997398736,0.023844915149262975,0.04256988314959329,0.030513233411784135,0.001599983484041455,0.06318386390850159,44.386638589537135,26.87362944489831,5.852842809364548
pocus,POCUS,direct_flags,238,0.6902431974895743,0.5751785788017673,0.6950534704157892,0.0,0.5751785788017673,0.13925017548205953,0.6074128984432913,0.31275018532246107,0.07983691623424759,0.03354804079441761,0.0,0.0,0.0,0.014606300838184896,0.24393905276589356,0.0,0.0,0.0,0.0,0.05686650976506049,0.04139312110326603,0.02478426029150667,0.03685123250340642,0.030337751352244105,0.0014451463726826046,0.061191626409017714,49.54787563483216,27.19253401786006,5.336719104835047
intrapartum_sensors,Intrapartum sensors,direct_flags,238,0.6902431974895743,0.6431933605846649,0.7363743342004212,0.0,0.6431933605846649,0.11294851149923614,0.6279473588009504,0.2958325717419119,0.07622006945713763,0.03354804079441761,0.0,0.0,0.0,0.01857013088897147,0.24393905276589356,0.0,0.0,0.0,0.0,0.046564680622651636,0.036727362814319334,0.023844915149262975,0.04243569098641562,0.030513233411784135,0.001599983484041455,0.061625170320822494,43.35439118047814,25.798684267102377,5.842520335273958
ai_intrapartum_sensors,AI Intrapartum sensors,direct_flags,238,0.6902431974895743,0.6431933605846649,0.7332466245509723,0.0,0.6431933605846649,0.10959370741979438,0.6290854290289158,0.2950927757370255,0.07582179523405859,0.03354804079441761,0.0,0.0,0.0,0.024794582765597258,0.24393905276589356,0.0,0.0,0.0,0.0,0.04500598703497254,0.03591188736116272,0.023844915149262975,0.04086667492464594,0.030513233411784135,0.001599983484041455,0.06080969486766588,43.35439118047814,25.798684267102377,5.770263016639828
diagnosis_base,Baseline,base,239,0.6903464222304802,0.6453197902473264,0.7443329617242661,0.0,0.6453197902473264,0.11173045955654651,0.590539541759054,0.3230783444198078,0.08638211382113821,0.02851067343820967,0.0,0.0,0.0,0.01610305958132045,0.2436485532815808,0.0,0.0,0.0,0.0,0.06662124778066807,0.04414922168545357,0.023597175771088816,0.05420331144968826,0.030802262686320657,0.0016619183285849952,0.04355051818819935,41.28989636236013,25.790367297814264,7.081217226144762
pocus,POCUS,direct_flags,239,0.6903464222304802,0.5797720797720798,0.7037346711259754,0.0,0.5797720797720798,0.13581279160989307,0.5799194345215475,0.3330546477160447,0.08702591776240784,0.02851067343820967,0.0,0.0,0.0,0.013522441058672943,0.2436485532815808,0.0,0.0,0.0,0.0,0.07137990833643007,0.04464470044180189,0.024041042156984185,0.048144019158511915,0.030059044551798177,0.001569016061769685,0.04140344357735662,35.09641190800611,19.566280776129137,6.3173541434411
intrapartum_sensors,Intrapartum sensors,direct_flags,239,0.6903464222304802,0.6453197902473264,0.7380981873735497,0.0,0.6453197902473264,0.10540278293901482,0.5929879541670747,0.32239741455293314,0.08461463127999216,0.02851067343820967,0.0,0.0,0.0,0.01601015731450514,0.2436485532815808,0.0,0.0,0.0,0.0,0.05968454519179157,0.03999958710103638,0.023597175771088816,0.05411040918287295,0.030802262686320657,0.0016619183285849952,0.041971179652339076,40.25764895330113,24.715768660405335,7.184441967050662
ai_intrapartum_sensors,AI Intrapartum sensors,direct_flags,239,0.6903464222304802,0.6453197902473264,0.7358891779181634,0.0,0.6453197902473264,0.10292538915727321,0.5930197572961589,0.32193360746163874,0.08504663524220239,0.02851067343820967,0.0,0.0,0.0,0.024175234320161856,0.2436485532815808,0.0,0.0,0.0,0.0,0.057795532433213594,0.03882282505470911,0.023597175771088816,0.05169495024567489,0.030802262686320657,0.0016619183285849952,0.04125892894008836,40.25764895330113,24.715768660405335,7.019282381601222
diagnosis_base,Baseline,base,240,0.6905219042900202,0.6455778520995912,0.7443329617242661,0.0,0.6455778520995912,0.11079111441430282,0.5885586508897792,0.32442001304388335,0.08702133606633747,0.03352739584623642,0.0,0.0,0.0,0.018497873570337338,0.24373405372955126,0.0,0.0,0.0,0.0,0.0590342293240844,0.04128989636236013,0.023524918452454684,0.05854907304182667,0.031122259383128948,0.001599983484041455,0.041331186258722494,37.16090672612412,26.870740987553475,6.37928898798464
pocus,POCUS,direct_flags,240,0.6905219042900202,0.5808043271811387,0.7059023906849994,0.0,0.5808043271811387,0.1362876254180602,0.5788835870635461,0.3319700068166326,0.08914640611982125,0.03352739584623642,0.0,0.0,0.0,0.015174036913167347,0.24373405372955126,0.0,0.0,0.0,0.0,0.0651348115116231,0.04073248276146827,0.023762335356538256,0.052520748172922085,0.030059044551798177,0.001558693587679095,0.038812502580618524,41.28989636236013,25.002174102095836,5.677360749824518
intrapartum_sensors,Intrapartum sensors,direct_flags,240,0.6905219042900202,0.6455778520995912,0.738996242619431,0.0,0.6455778520995912,0.10528923572401833,0.5887254901960784,0.3249019607843137,0.08637254901960785,0.03352739584623642,0.0,0.0,0.0,0.019550765927577523,0.24373405372955126,0.0,0.0,0.0,0.0,0.051447210867500724,0.03757380568974772,0.023524918452454684,0.05803294933729716,0.031122259383128948,0.001599983484041455,0.0395660431892316,35.09641190800611,24.721081708549196,6.3379990916222795
ai_intrapartum_sensors,AI Intrapartum sensors,direct_flags,240,0.6905219042900202,0.6455778520995912,0.7370762624385813,0.0,0.6455778520995912,0.10313183863908501,0.5878290461415274,0.32489240316284657,0.08727855069562607,0.03352739584623642,0.0,0.0,0.0,0.023855237623353565,0.24373405372955126,0.0,0.0,0.0,0.0,0.05013625665799579,0.03667575044386639,0.023524918452454684,0.05641232090507453,0.031122259383128948,0.001599983484041455,0.03904991948470209,35.09641190800611,24.721081708549196,6.2760642470787396
diagnosis_base,Baseline,base,241,0.690501259341839,0.643141748214212,0.7439303852347331,0.0,0.643141748214212,0.11654073248276146,0.6069087688219663,0.3092116917626218,0.08387953941541187,0.033558363268508196,0.0,0.0,0.0,0.016309509063132253,0.24344765613299385,0.0,0.0,0.0,0.0,0.05717618398777819,0.03591188736116272,0.02523844915149263,0.04159957058507783,0.030657748049052396,0.001548371113588505,0.052933647136545685,49.54787563483216,31.18581368089385,5.171559519385607
pocus,POCUS,direct_flags,241,0.690501259341839,0.5756018002394814,0.6970560303893637,0.0,0.5756018002394814,0.13710310087121683,0.5971239271194098,0.32073482909200424,0.08214124378858606,0.033558363268508196,0.0,0.0,0.0,0.013346958999132913,0.24344765613299385,0.0,0.0,0.0,0.0,0.06462901028118419,0.0381105743424584,0.02583715264874685,0.036458978487964,0.030368718774515874,0.0013625665799578844,0.051602047978859575,48.515628225773156,27.20377806069707,4.717370659399645
intrapartum_sensors,Intrapartum sensors,direct_flags,241,0.690501259341839,0.643141748214212,0.7351356373095503,0.0,0.643141748214212,0.10771501713530698,0.6137038811691423,0.30522280785816963,0.08107331097268806,0.033558363268508196,0.0,0.0,0.0,0.016319831537222843,0.24344765613299385,0.0,0.0,0.0,0.0,0.051251083859779514,0.03236095627399975,0.02523844915149263,0.04160989305916842,0.030657748049052396,0.001548371113588505,0.05110656922251125,49.54787563483216,31.18581368089385,5.109624674842066
ai_intrapartum_sensors,AI Intrapartum sensors,direct_flags,241,0.690501259341839,0.643141748214212,0.7324208266237252,0.0,0.643141748214212,0.10475246707130766,0.6155892786756011,0.3037051635790303,0.08070555774536854,0.033558363268508196,0.0,0.0,0.0,0.02440232875015484,0.24344765613299385,0.0,0.0,0.0,0.0,0.04942400594574508,0.03184483256947025,0.02523844915149263,0.03919443412197035,0.030657748049052396,0.001548371113588505,0.05018786902844874,49.54787563483216,31.18581368089385,5.006399933936166
diagnosis_base,Baseline,base,242,0.6904083570750238,0.6438746438746439,0.7441471571906354,0.0,0.6438746438746439,0.11362979478921507,0.6004723837209303,0.31695130813953487,0.08257630813953488,0.033424171105330525,0.0,0.0,0.0,0.018188199347619637,0.24251048532055122,0.0,0.0,0.0,0.0,0.04412857673727239,0.05091044221479004,0.02763326314050952,0.055669102770552044,0.030513233411784135,0.001599983484041455,0.0451505016722408,42.322143771419135,25.810614615260523,8.557331021099138
pocus,POCUS,direct_flags,242,0.6904083570750238,0.5764688880630909,0.6998430983938231,0.0,0.5764688880630909,0.13630827036624138,0.5858386974630821,0.3292692162059826,0.08489208633093526,0.033424171105330525,0.0,0.0,0.0,0.014823072794087287,0.24251048532055122,0.0,0.0,0.0,0.0,0.04844337090713902,0.053439448366984596,0.02854164086048144,0.04880465750030968,0.030440976093150007,0.0014761137949543747,0.043406003550931084,38.19315413518312,18.49695888234846,8.154754531566127
intrapartum_sensors,Intrapartum sensors,direct_flags,242,0.6904083570750238,0.6438746438746439,0.7368285230604071,0.0,0.6438746438746439,0.10624922581444321,0.6060429418051103,0.31273681142524046,0.08122024676964927,0.033424171105330525,0.0,0.0,0.0,0.01924109170485982,0.24251048532055122,0.0,0.0,0.0,0.0,0.03930798133696684,0.046255006399933934,0.02763326314050952,0.055152979066022546,0.030513233411784135,0.001599983484041455,0.04357116313638053,42.322143771419135,25.810614615260523,8.887650191998018
ai_intrapartum_sensors,AI Intrapartum sensors,direct_flags,242,0.6904083570750238,0.6438746438746439,0.734010487633676,0.0,0.6438746438746439,0.10327635327635327,0.6087956021989005,0.3104447776111944,0.08075962018990505,0.033424171105330525,0.0,0.0,0.0,0.024195879268343035,0.24251048532055122,0.0,0.0,0.0,0.0,0.03791444733473719,0.04512985672405962,0.02763326314050952,0.05352202815970932,0.030513233411784135,0.001599983484041455,0.04300342706139808,41.28989636236013,24.73517233962467,8.846360295635657
diagnosis_base,Baseline,base,243,0.6900677154300343,0.6443391552087204,0.7440852223460919,0.0,0.6443391552087204,0.11559106486642719,0.6054652616538667,0.310680478656903,0.08385425968923022,0.03354804079441761,0.0,0.0,0.0,0.0190552871712292,0.24232031016999703,0.0,0.0,0.0,0.0,0.05758908295140179,0.04075312770964945,0.024990709773318468,0.04700854700854701,0.03105000206449482,0.0016412733804038152,0.05397621701969528,47.48338081671415,26.885767749983867,5.068334778479706
pocus,POCUS,direct_flags,243,0.6900677154300343,0.577046946612164,0.7032288698955366,0.0,0.577046946612164,0.14238820760559892,0.5934464259823111,0.32448890822096566,0.08206466579672321,0.03354804079441761,0.0,0.0,0.0,0.015411453817250918,0.24232031016999703,0.0,0.0,0.0,0.0,0.06492836202981131,0.04379825756637351,0.025537800900119742,0.04270407531277096,0.030946777323588918,0.001558693587679095,0.05393492712333292,48.515628225773156,22.848935892414154,4.830917874396135
intrapartum_sensors,Intrapartum sensors,direct_flags,243,0.6900677154300343,0.6443391552087204,0.7368182005863165,0.0,0.6443391552087204,0.10818985094347414,0.6144451865280031,0.3055051998855071,0.08004961358648983,0.03354804079441761,0.0,0.0,0.0,0.020263016639828234,0.24232031016999703,0.0,0.0,0.0,0.0,0.049475618316198025,0.036882199925678184,0.024990709773318468,0.04646145588174574,0.03105000206449482,0.0016412733804038152,0.051540113134316036,48.515628225773156,27.961198459983226,4.841240348486726
ai_intrapartum_sensors,AI Intrapartum sensors,direct_flags,243,0.6900677154300343,0.6443391552087204,0.729251827077914,0.0,0.6443391552087204,0.10022090094553862,0.61818930888866,0.3029148212998249,0.07889586981151508,0.03354804079441761,0.0,0.0,0.0,0.02457781080969487,0.24232031016999703,0.0,0.0,0.0,0.0,0.043653742929105246,0.03456996572938602,0.024990709773318468,0.045356951154052604,0.03105000206449482,0.0016412733804038152,0.049692390272100415,45.41888599859614,24.734906329985158,4.799950452124365
diagnosis_base,Baseline,base,244,0.6900573929559437,0.6440191585119122,0.7441678021388166,0.0,0.6440191585119122,0.12042198274082332,0.6160637750728613,0.29890279444539686,0.08503343048174182,0.03356868574259879,0.0,0.0,0.0,0.017610140798546597,0.24241520685799478,0.0,0.0,0.0,0.0,0.0862649159750609,0.04075312770964945,0.023772657830628846,0.052324621165200876,0.03135967628721252,0.0016928857508567653,0.07035798340146167,57.80585490730418,34.41193233753804,5.759940542549238
pocus,POCUS,direct_flags,244,0.6900573929559437,0.5783785457698501,0.7038998307114249,0.0,0.5783785457698501,0.1466307444568314,0.6087997184090109,0.3103132699753608,0.0808870116156283,0.03356868574259879,0.0,0.0,0.0,0.014172756926380115,0.24241520685799478,0.0,0.0,0.0,0.0,0.09459515256616706,0.042662785416408604,0.023401048763367602,0.046296296296296294,0.030626780626780627,0.0014761137949543747,0.06863413022833313,52.64461786200917,25.014682531050834,5.398653949378587
intrapartum_sensors,Intrapartum sensors,direct_flags,244,0.6900573929559437,0.6440191585119122,0.7388310830339816,0.0,0.6440191585119122,0.11582848177051075,0.6239194367703413,0.29462614740219234,0.08145441582746636,0.03356868574259879,0.0,0.0,0.0,0.018146909451257277,0.24241520685799478,0.0,0.0,0.0,0.0,0.07792435690986416,0.037388001156117096,0.023772657830628846,0.05204591436475495,0.03135967628721252,0.0016928857508567653,0.06815929642016598,58.838102316363184,35.4873052230861,5.739295594368058
ai_intrapartum_sensors,AI Intrapartum sensors,direct_flags,244,0.6900573929559437,0.6440191585119122,0.7361885296667905,0.0,0.6440191585119122,0.11283496428423964,0.6230902936602324,0.29494099350471137,0.08196871283505626,0.03356868574259879,0.0,0.0,0.0,0.024422973698336018,0.24241520685799478,0.0,0.0,0.0,0.0,0.07544696312812255,0.03626285148024278,0.023772657830628846,0.0502291589248111,0.03135967628721252,0.0016928857508567653,0.06692059952929519,57.80585490730418,34.41193233753804,5.646393327552747
diagnosis_base,Baseline,base,245,0.690325777282299,0.6437920640819191,0.743806515545646,0.0,0.6437920640819191,0.10560923242082662,0.5662203108200566,0.34063141432900007,0.09314827485094321,0.03704735951112763,0.0,0.0,0.0,0.018198521821710226,0.24307483914663056,0.0,0.0,0.0,0.0,0.0505388331475288,0.03855444072835377,0.026281019034642222,0.03983442751558693,0.03120483917585367,0.0016825632767661753,0.019953342417110533,23.741690408357076,13.980298533144062,5.285106734382096
pocus,POCUS,direct_flags,245,0.690325777282299,0.5776662950575994,0.698583756554771,0.0,0.5776662950575994,0.12605805359428549,0.5611693416311825,0.3489190959711759,0.08991156239764167,0.03704735951112763,0.0,0.0,0.0,0.014503076097278996,0.24307483914663056,0.0,0.0,0.0,0.0,0.057403278417771174,0.04057764565010942,0.026487468516454022,0.036510590858416944,0.03087452000495479,0.001589661009950865,0.020190759321194105,35.09641190800611,14.14011768928723,5.068334778479706
intrapartum_sensors,Intrapartum sensors,direct_flags,245,0.690325777282299,0.6437920640819191,0.7302221396424295,0.0,0.6437920640819191,0.09190098682852306,0.5732899022801303,0.33674042457598563,0.08996967314388409,0.03704735951112763,0.0,0.0,0.0,0.01890045005987035,0.24307483914663056,0.0,0.0,0.0,0.0,0.0423531111936909,0.033888682439407077,0.026281019034642222,0.039576365663322184,0.03120483917585367,0.0016825632767661753,0.0184359387257938,24.77393781741608,15.055706112616681,5.212849415747967
ai_intrapartum_sensors,AI Intrapartum sensors,direct_flags,245,0.690325777282299,0.6437920640819191,0.7283744167802139,0.0,0.6437920640819191,0.09001197406994509,0.574197247706422,0.33509174311926604,0.09071100917431192,0.03704735951112763,0.0,0.0,0.0,0.024804905239687848,0.24307483914663056,0.0,0.0,0.0,0.0,0.041331186258722494,0.033093851934431644,0.026281019034642222,0.03799702712746191,0.03120483917585367,0.0016825632767661753,0.018291424088525538,24.77393781741608,15.055706112616681,5.150914571204426
diagnosis_base,Baseline,base,246,0.6909141583054627,0.6408398364920104,0.7438787728642801,0.0,0.6408398364920104,0.11313431603286676,0.5844890510948905,0.32864963503649636,0.08686131386861314,0.03534415128618027,0.0,0.0,0.0,0.019261736653041,0.24285410312788142,0.0,0.0,0.0,0.0,0.061129691564474176,0.039710557826499855,0.023266856600189935,0.04397373962591354,0.03122548412403485,0.0016515958544944052,0.03643833353978281,38.19315413518312,21.517639084639633,7.174119492960073
pocus,POCUS,direct_flags,246,0.6909141583054627,0.5728766670795656,0.6961579751434824,0.0,0.5728766670795656,0.13341797762087618,0.5757833655705996,0.33887814313346226,0.08533849129593811,0.03534415128618027,0.0,0.0,0.0,0.01585532020314629,0.24285410312788142,0.0,0.0,0.0,0.0,0.06675543994384574,0.0407015153391965,0.023483628556092324,0.0392460464924233,0.030853875056773606,0.001579338535860275,0.03575705024980387,42.322143771419135,19.59524924068409,6.503158677071721
intrapartum_sensors,Intrapartum sensors,direct_flags,246,0.6909141583054627,0.6408398364920104,0.731945992815558,0.0,0.6408398364920104,0.101067343820967,0.5914615463180471,0.32509447451741397,0.08344397916453886,0.03534415128618027,0.0,0.0,0.0,0.020500433543911806,0.24285410312788142,0.0,0.0,0.0,0.0,0.051777530038399605,0.035509310871629715,0.023266856600189935,0.04366406540319584,0.03122548412403485,0.0016515958544944052,0.03442545109211776,36.128659317065114,19.36587517617567,7.236054337503613
ai_intrapartum_sensors,AI Intrapartum sensors,direct_flags,246,0.6909141583054627,0.6408398364920104,0.7279821627647715,0.0,0.6408398364920104,0.09691770923654981,0.5917563105762061,0.32527425710938335,0.08296943231441048,0.03534415128618027,0.0,0.0,0.0,0.024846195136050207,0.24285410312788142,0.0,0.0,0.0,0.0,0.049589165531194516,0.03403319707667534,0.023266856600189935,0.04162021553325901,0.03122548412403485,0.0016515958544944052,0.03378545769850118,38.19315413518312,21.517639084639633,7.163797018869483
diagnosis_base,Baseline,base,247,0.6904496469713861,0.6426049795615013,0.7439716751310954,0.0,0.6426049795615013,0.11461042982782113,0.5935332792938846,0.3193731423939476,0.08709357831216788,0.02887196003138032,0.0,0.0,0.0,0.0184359387257938,0.2441302260626691,0.0,0.0,0.0,0.0,0.06166646021718485,0.0396589454560469,0.026776497790990544,0.059570997976795076,0.03139064370948429,0.0017238531731285354,0.045449853420867915,39.225401544242125,21.51185303102009,6.750898055245882
pocus,POCUS,direct_flags,247,0.6904496469713861,0.5766340476485404,0.6994818118006524,0.0,0.5766340476485404,0.13602956356579546,0.5888602215814236,0.3267567157383518,0.08438306268022462,0.02887196003138032,0.0,0.0,0.0,0.014565010941822536,0.2441302260626691,0.0,0.0,0.0,0.0,0.06890251455468847,0.039947974730583424,0.026683595524175235,0.051467855815681904,0.030936454849498328,0.0017135306990379454,0.04410793178909121,44.386638589537135,22.842970891528523,6.1109046616292995
intrapartum_sensors,Intrapartum sensors,direct_flags,247,0.6904496469713861,0.6426049795615013,0.7365085263635989,0.0,0.6426049795615013,0.10702341137123746,0.5978009259259259,0.3179976851851852,0.0842013888888889,0.02887196003138032,0.0,0.0,0.0,0.01911722201577274,0.2441302260626691,0.0,0.0,0.0,0.0,0.05548329823692143,0.036118336842974524,0.026776497790990544,0.059395515917255046,0.03139064370948429,0.0017238531731285354,0.04395309467773236,39.225401544242125,21.51185303102009,6.854122796151781
ai_intrapartum_sensors,AI Intrapartum sensors,direct_flags,247,0.6904496469713861,0.6426049795615013,0.7349188653536479,0.0,0.6426049795615013,0.10528923572401833,0.5981372549019608,0.3177450980392157,0.08411764705882353,0.02887196003138032,0.0,0.0,0.0,0.02512490193649614,0.2441302260626691,0.0,0.0,0.0,0.0,0.0543684710351377,0.03544737602708617,0.026776497790990544,0.0573723109954994,0.03139064370948429,0.0017238531731285354,0.04355051818819935,41.28989636236013,23.6630383341221,6.771543003427062
diagnosis_base,Baseline,base,248,0.6889322432800694,0.6411495107147281,0.7440645773979108,0.0,0.6411495107147281,0.11878070936041951,0.6038932823498739,0.3142435039541149,0.08186321369601113,0.04391180478137,0.0,0.0,0.0,0.018115942028985508,0.24562619088861942,0.0,0.0,0.0,0.0,0.07297989182047153,0.04294149221685454,0.022678475577026302,0.05226268632065734,0.03102935711631364,0.0017032082249473553,0.05518394648829431,42.322143771419135,22.591090504211625,7.267021759775383
pocus,POCUS,direct_flags,248,0.6889322432800694,0.5734031132581857,0.7010405053883315,0.0,0.5734031132581857,0.14346174491102026,0.5937544970499352,0.3232839257447115,0.08296157720535328,0.04391180478137,0.0,0.0,0.0,0.014193401874561294,0.24562619088861942,0.0,0.0,0.0,0.0,0.07954498534208679,0.0438085800404641,0.023225566703827572,0.045996944547669186,0.030678392997233576,0.0016722408026755853,0.05365622032288699,47.48338081671415,20.677796399886816,6.988314959329452
intrapartum_sensors,Intrapartum sensors,direct_flags,248,0.6889322432800694,0.6411495107147281,0.7332466245509723,0.0,0.6411495107147281,0.10783888682439408,0.6126160620273763,0.3099454388819757,0.07743849909064804,0.04391180478137,0.0,0.0,0.0,0.01890045005987035,0.24562619088861942,0.0,0.0,0.0,0.0,0.06237871092943557,0.03818283166109253,0.022678475577026302,0.05209752673520789,0.03102935711631364,0.0017032082249473553,0.052562038069284445,41.28989636236013,21.515324289725356,7.401213922953054
ai_intrapartum_sensors,AI Intrapartum sensors,direct_flags,248,0.6889322432800694,0.6411495107147281,0.7316569635410215,0.0,0.6411495107147281,0.1060427763326314,0.6126739998053149,0.3091599338070671,0.07816606638761803,0.04391180478137,0.0,0.0,0.0,0.024681035550600767,0.24562619088861942,0.0,0.0,0.0,0.0,0.06135678599446715,0.03731574383748297,0.022678475577026302,0.04975432511664396,0.03102935711631364,0.0017032082249473553,0.051818819934761964,42.322143771419135,22.591090504211625,7.308311656137743
diagnosis_base,Baseline,base,249,0.6890561129691565,0.6423159502869648,0.7437652256492836,0.0,0.6423159502869648,0.11307238118832322,0.5878218002556144,0.3241738177834581,0.08800438196092751,0.035354473760270864,0.0,0.0,0.0,0.017703043065361905,0.24359886201991465,0.0,0.0,0.0,0.0,0.05029109376935464,0.04081506255419299,0.025878442545109213,0.04269375283868038,0.030606135678599447,0.0017135306990379454,0.04131054131054131,36.128659317065114,19.36212553111386,6.668318262521161
pocus,POCUS,direct_flags,249,0.6890561129691565,0.5768095297080804,0.6990792353111194,0.0,0.5768095297080804,0.13426442049630455,0.5833012993003768,0.33166756361958943,0.08503113708003383,0.035354473760270864,0.0,0.0,0.0,0.014141789504108345,0.24359886201991465,0.0,0.0,0.0,0.0,0.05531813865147198,0.042425368512325035,0.025723605433750362,0.03813121929063958,0.030606135678599447,0.0017135306990379454,0.04128989636236013,52.64461786200917,26.103129112602375,6.24509682480697
intrapartum_sensors,Intrapartum sensors,direct_flags,249,0.6890561129691565,0.6423159502869648,0.7312234196292168,0.0,0.6423159502869648,0.10035509310871629,0.5951450318864431,0.3208187615716931,0.08403620654186382,0.035354473760270864,0.0,0.0,0.0,0.01845658367397498,0.24359886201991465,0.0,0.0,0.0,0.0,0.04290020232049217,0.03661381559932284,0.025878442545109213,0.04249762583095917,0.030606135678599447,0.0017135306990379454,0.0393492712333292,35.09641190800611,18.286451890496423,6.740575581155291
ai_intrapartum_sensors,AI Intrapartum sensors,direct_flags,249,0.6890561129691565,0.6423159502869648,0.728673768528841,0.0,0.6423159502869648,0.09772286221561584,0.5965987113129819,0.319953522763283,0.08344776592373508,0.035354473760270864,0.0,0.0,0.0,0.024206201742433625,0.24359886201991465,0.0,0.0,0.0,0.0,0.04140344357735662,0.03563318056071679,0.025878442545109213,0.04077377265783063,0.030606135678599447,0.0017135306990379454,0.03884347000289029,37.16090672612412,20.4377991717313,6.65799578843057
diagnosis_base,Baseline,base,250,0.6887464387464387,0.6426462694578636,0.7438994178124613,0.0,0.6426462694578636,0.1118543292456336,0.581672203765227,0.3266888150609081,0.09163898117386489,0.030616458152690037,0.0,0.0,0.0,0.017857880176720756,0.24375410913872453,0.0,0.0,0.0,0.0,0.048123374210330735,0.043055039431851024,0.02478426029150667,0.04706015937899996,0.030791940212230067,0.0017135306990379454,0.036428011065692226,40.25764895330113,23.662274805055123,5.109624674842066
pocus,POCUS,direct_flags,250,0.6887464387464387,0.5777798422725959,0.6997192287047359,0.0,0.5777798422725959,0.13240637515999834,0.575660715677867,0.33616590005457236,0.08817338426756062,0.030616458152690037,0.0,0.0,0.0,0.014657913208637846,0.24375410913872453,0.0,0.0,0.0,0.0,0.05403815186423882,0.044747925182707794,0.025021677195590238,0.04265246294231802,0.030523555885874725,0.0017135306990379454,0.036293818902514555,41.28989636236013,16.31268147858145,4.500598703497254
intrapartum_sensors,Intrapartum sensors,direct_flags,250,0.6887464387464387,0.6426462694578636,0.7340311325818573,0.0,0.6426462694578636,0.10186217432594244,0.5890758005674909,0.3232671260640454,0.08765707336846372,0.030616458152690037,0.0,0.0,0.0,0.018374003881250257,0.24375410913872453,0.0,0.0,0.0,0.0,0.04290020232049217,0.03870927783971262,0.02478426029150667,0.046740162682191666,0.030791940212230067,0.0017135306990379454,0.03488996242619431,37.16090672612412,20.435600968002152,4.975432511664396
ai_intrapartum_sensors,AI Intrapartum sensors,direct_flags,250,0.6887464387464387,0.6426462694578636,0.7303150419092448,0.0,0.6426462694578636,0.09797060159379,0.5885575808660837,0.3245179643873143,0.08692445474660204,0.030616458152690037,0.0,0.0,0.0,0.024990709773318468,0.24375410913872453,0.0,0.0,0.0,0.0,0.04120731656963541,0.03694413477022173,0.02478426029150667,0.04485114992361369,0.030791940212230067,0.0017135306990379454,0.03421900161030596,37.16090672612412,20.435600968002152,4.923820141211446
