scenario,intervention,level,Run,equipment_cost_usd,labor_cost_usd,pm_overhead_cost_usd,referral_transfer_cost_usd,service_delivery_cost_usd,total_cost_usd,total_discounted_cost_usd,final_year,maternal_dalys_averted,neonatal_dalys_averted,total_dalys_averted,num_pocus,pocus_quantity_method,cost_category_sum_check_usd,total_daly_sum_check,cost_per_total_daly_averted_usd
pocus,POCUS,direct_flags,201,4842488.583189354,0.0,1227651.776061776,493610.9467482448,4394421.436293436,10958172.74229281,9633390.1047725,10,-1019.2102731681807,40904.445600000094,39885.23532683191,426,"num_L2/3 + num_L4 + num_L5 from get_parameters(county, seed=BASE_SEED)",0.0,0.0,241.5277238766058
pocus,POCUS,direct_flags,202,4842488.583189354,0.0,1227651.776061776,531639.9042772023,4229406.239382239,10831186.502910573,9526967.180617074,10,-609.7446234726316,64103.21720000007,63493.47257652744,426,"num_L2/3 + num_L4 + num_L5 from get_parameters(county, seed=BASE_SEED)",0.0,0.0,150.04640310284503
pocus,POCUS,direct_flags,203,4842488.583189354,0.0,1227651.776061776,470074.6323414668,4202479.073359073,10742694.06495167,9451005.193176951,10,-554.2936457093565,32140.886800000124,31586.593154290767,426,"num_L2/3 + num_L4 + num_L5 from get_parameters(county, seed=BASE_SEED)",0.0,0.0,299.2093875718633
pocus,POCUS,direct_flags,204,4842488.583189354,0.0,1227651.776061776,461756.09952293395,4159211.49034749,10691107.949121553,9402963.425342444,10,-528.569907933404,51307.67720000005,50779.10729206664,426,"num_L2/3 + num_L4 + num_L5 from get_parameters(county, seed=BASE_SEED)",0.0,7.275957614183426e-12,185.17386237728317
pocus,POCUS,direct_flags,205,4842488.583189354,0.0,1227651.776061776,456850.32898762706,4327909.034749035,10854899.722987793,9549889.65785857,10,-607.4968639084466,33139.14600000004,32531.64913609159,426,"num_L2/3 + num_L4 + num_L5 from get_parameters(county, seed=BASE_SEED)",0.0,0.0,293.5568872610161
pocus,POCUS,direct_flags,206,4842488.583189354,0.0,1227651.776061776,500668.86180615984,4298220.108108108,10869029.3291654,9560728.28480571,10,-1011.1276537394988,38885.950000000084,37874.82234626059,426,"num_L2/3 + num_L4 + num_L5 from get_parameters(county, seed=BASE_SEED)",0.0,-7.275957614183426e-12,252.42965359412827
pocus,POCUS,direct_flags,207,4842488.583189354,0.0,1227651.776061776,425630.61689745134,4149085.034749035,10644856.010897618,9361212.740432825,10,-515.4159473364612,35782.088000000076,35266.67205266361,426,"num_L2/3 + num_L4 + num_L5 from get_parameters(county, seed=BASE_SEED)",0.0,0.0,265.4407744074563
pocus,POCUS,direct_flags,208,4842488.583189354,0.0,1227651.776061776,538684.3058216039,4207772.447876448,10816597.112949181,9510626.742669538,10,-360.46730684834756,35466.1908000001,35105.72349315175,426,"num_L2/3 + num_L4 + num_L5 from get_parameters(county, seed=BASE_SEED)",0.0,0.0,270.9138509714754
pocus,POCUS,direct_flags,209,4842488.583189354,0.0,1227651.776061776,586846.467983766,4228715.799227799,10885702.626462694,9574395.103731828,10,-543.8613005610632,62762.20720000003,62218.34589943897,426,"num_L2/3 + num_L4 + num_L5 from get_parameters(county, seed=BASE_SEED)",0.0,0.0,153.88379368372378
pocus,POCUS,direct_flags,210,4842488.583189354,0.0,1227651.776061776,464705.5413428394,4295228.200772201,10830074.10136617,9528342.371032024,10,-433.79218729712596,38735.44960000001,38301.65741270288,426,"num_L2/3 + num_L4 + num_L5 from get_parameters(county, seed=BASE_SEED)",0.0,0.0,248.7710197071502
pocus,POCUS,direct_flags,211,4842488.583189354,0.0,1227651.776061776,376321.73658857105,4230326.826254826,10676788.922094528,9394463.562902758,10,-121.70399316540016,45965.614400000064,45843.910406834664,426,"num_L2/3 + num_L4 + num_L5 from get_parameters(county, seed=BASE_SEED)",0.0,0.0,204.92282354478598
pocus,POCUS,direct_flags,212,4842488.583189354,0.0,1227651.776061776,484881.21701851505,4239532.694980695,10794554.271250341,9496198.600523567,10,-1107.1919400100473,53267.78960000006,52160.59765999002,426,"num_L2/3 + num_L4 + num_L5 from get_parameters(county, seed=BASE_SEED)",0.0,0.0,182.05693620354472
pocus,POCUS,direct_flags,213,4842488.583189354,0.0,1227651.776061776,478531.7961690942,4205701.127413128,10754373.282833353,9461596.246814886,10,-513.947409375905,47075.02880000003,46561.081390624124,426,"num_L2/3 + num_L4 + num_L5 from get_parameters(county, seed=BASE_SEED)",0.0,0.0,203.20825814668774
pocus,POCUS,direct_flags,214,4842488.583189354,0.0,1227651.776061776,452002.8386401367,4243905.482625483,10766048.68051675,9471594.029104613,10,-185.16318094937787,49218.64080000002,49033.477619050645,426,"num_L2/3 + num_L4 + num_L5 from get_parameters(county, seed=BASE_SEED)",0.0,0.0,193.16586318211046
pocus,POCUS,direct_flags,215,4842488.583189354,0.0,1227651.776061776,442008.6301459282,4283260.571428571,10795409.56082563,9495580.225985013,10,-602.890235014338,51531.19,50928.29976498566,426,"num_L2/3 + num_L4 + num_L5 from get_parameters(county, seed=BASE_SEED)",0.0,0.0,186.4499751572982
pocus,POCUS,direct_flags,216,4842488.583189354,0.0,1227651.776061776,510417.8965551946,4276586.316602317,10857144.572408643,9551649.259553295,10,-749.4368856942685,52350.55880000013,51601.12191430586,426,"num_L2/3 + num_L4 + num_L5 from get_parameters(county, seed=BASE_SEED)",0.0,0.0,185.1054571142028
pocus,POCUS,direct_flags,217,4842488.583189354,0.0,1227651.776061776,507136.0432733413,4214446.702702703,10791723.105227176,9493493.223467885,10,-1249.2681653749091,36665.05040000008,35415.78223462517,426,"num_L2/3 + num_L4 + num_L5 from get_parameters(county, seed=BASE_SEED)",0.0,0.0,268.0582673728528
pocus,POCUS,direct_flags,218,4842488.583189354,0.0,1227651.776061776,427092.0068588413,4228025.359073359,10725257.72518333,9433507.076322109,10,-392.67290707653797,25700.431600000084,25307.758692923548,426,"num_L2/3 + num_L4 + num_L5 from get_parameters(county, seed=BASE_SEED)",0.0,-3.637978807091713e-12,372.7515814729128
pocus,POCUS,direct_flags,219,4842488.583189354,0.0,1227651.776061776,411856.48562332004,4383834.687258687,10865831.532133136,9555399.704041932,10,-148.9061835914165,52631.45280000004,52482.546616408625,426,"num_L2/3 + num_L4 + num_L5 from get_parameters(county, seed=BASE_SEED)",0.0,0.0,182.0681411266435
pocus,POCUS,direct_flags,220,4842488.583189354,0.0,1227651.776061776,358495.4817623162,4226644.478764478,10655280.319777925,9371913.400717352,10,51.10048665270955,41413.52840000004,41464.62888665275,426,"num_L2/3 + num_L4 + num_L5 from get_parameters(county, seed=BASE_SEED)",0.0,0.0,226.02188063316112
pocus,POCUS,direct_flags,221,4842488.583189354,0.0,1227651.776061776,418113.24238007684,4287863.505791506,10776117.107422713,9481454.345851887,10,-762.3225861236435,42443.050000000076,41680.72741387643,426,"num_L2/3 + num_L4 + num_L5 from get_parameters(county, seed=BASE_SEED)",0.0,0.0,227.47813999751122
pocus,POCUS,direct_flags,222,4842488.583189354,0.0,1227651.776061776,474590.0763569108,4287863.505791506,10832593.941399548,9529686.253819779,10,-483.038856909286,23011.865200000117,22528.82634309083,426,"num_L2/3 + num_L4 + num_L5 from get_parameters(county, seed=BASE_SEED)",0.0,0.0,422.9996764453003
pocus,POCUS,direct_flags,223,4842488.583189354,0.0,1227651.776061776,440893.1651599996,4275205.436293436,10786238.960704565,9487699.11869686,10,-597.6115230195333,32942.95440000003,32345.342876980496,426,"num_L2/3 + num_L4 + num_L5 from get_parameters(county, seed=BASE_SEED)",0.0,3.637978807091713e-12,293.3250438797808
pocus,POCUS,direct_flags,224,4842488.583189354,0.0,1227651.776061776,402256.09952293395,4184757.776061776,10657154.23483584,9376258.236625401,10,-553.643962267835,42793.48280000007,42239.83883773223,426,"num_L2/3 + num_L4 + num_L5 from get_parameters(county, seed=BASE_SEED)",0.0,0.0,221.976657454709
pocus,POCUS,direct_flags,225,4842488.583189354,0.0,1227651.776061776,450379.6516464861,4277737.05019305,10798257.061090667,9499823.959806763,10,-1183.4009341682495,45133.42000000007,43950.019065831824,426,"num_L2/3 + num_L4 + num_L5 from get_parameters(county, seed=BASE_SEED)",0.0,0.0,216.15062204130498
pocus,POCUS,direct_flags,226,4842488.583189354,0.0,1227651.776061776,410954.94122177566,4235159.907335907,10716255.207808813,9426397.657780502,10,-597.1385334273937,37125.50280000009,36528.364266572695,426,"num_L2/3 + num_L4 + num_L5 from get_parameters(county, seed=BASE_SEED)",0.0,0.0,258.05693320920614
pocus,POCUS,direct_flags,227,4842488.583189354,0.0,1227651.776061776,446970.3852372197,4265309.127413128,10782419.871901479,9485532.279642629,10,169.79820550298984,32680.63080000007,32850.42900550306,426,"num_L2/3 + num_L4 + num_L5 from get_parameters(county, seed=BASE_SEED)",0.0,7.275957614183426e-12,288.7491142978262
pocus,POCUS,direct_flags,228,4842488.583189354,0.0,1227651.776061776,480707.8369746714,4271062.795366796,10821910.991592597,9520637.71485413,10,-42.95632351172503,32137.012400000094,32094.056076488367,426,"num_L2/3 + num_L4 + num_L5 from get_parameters(county, seed=BASE_SEED)",0.0,3.637978807091713e-12,296.6480052307508
pocus,POCUS,direct_flags,229,4842488.583189354,0.0,1227651.776061776,510383.5126503471,4297069.374517375,10877593.246418852,9568462.343222305,10,126.4717658197743,36028.713600000076,36155.18536581985,426,"num_L2/3 + num_L4 + num_L5 from get_parameters(county, seed=BASE_SEED)",0.0,0.0,264.6497935609556
pocus,POCUS,direct_flags,230,4842488.583189354,0.0,1227651.776061776,437445.2887121232,4301442.162162162,10809027.810125416,9510391.338127706,10,-495.1583593232804,40877.992800000095,40382.834440676816,426,"num_L2/3 + num_L4 + num_L5 from get_parameters(county, seed=BASE_SEED)",0.0,0.0,235.50579026587795
pocus,POCUS,direct_flags,231,4842488.583189354,0.0,1227651.776061776,412171.1574379919,4286252.478764479,10768563.9954536,9475554.511280946,10,-679.311410440518,48145.832800000106,47466.52138955959,426,"num_L2/3 + num_L4 + num_L5 from get_parameters(county, seed=BASE_SEED)",0.0,0.0,199.6260571427744
pocus,POCUS,direct_flags,232,4842488.583189354,0.0,1227651.776061776,538470.0201073182,4245056.216216216,10853666.595574666,9550913.458874438,10,-556.7722718960401,49745.69280000005,49188.920528104005,426,"num_L2/3 + num_L4 + num_L5 from get_parameters(county, seed=BASE_SEED)",0.0,0.0,194.16798247112456
pocus,POCUS,direct_flags,233,4842488.583189354,0.0,1227651.776061776,451163.43543026986,4302362.749034749,10823666.54371615,9523624.067785112,10,-568.2167735467727,39097.70600000005,38529.489226453275,426,"num_L2/3 + num_L4 + num_L5 from get_parameters(county, seed=BASE_SEED)",0.0,0.0,247.17753230028435
pocus,POCUS,direct_flags,234,4842488.583189354,0.0,1227651.776061776,519462.2980995961,4365422.94980695,10955025.607157677,9634845.373689612,10,-943.8774911570218,57805.246400000105,56861.368908843084,426,"num_L2/3 + num_L4 + num_L5 from get_parameters(county, seed=BASE_SEED)",0.0,0.0,169.44448504459413
pocus,POCUS,direct_flags,235,4842488.583189354,0.0,1227651.776061776,409151.85241868685,4303743.629343629,10783035.841013446,9486822.065818869,10,-815.8336010105168,28020.32880000009,27204.495198989574,426,"num_L2/3 + num_L4 + num_L5 from get_parameters(county, seed=BASE_SEED)",0.0,0.0,348.7225914844848
pocus,POCUS,direct_flags,236,4842488.583189354,0.0,1227651.776061776,545448.7845860827,4273364.262548262,10888953.406385474,9582933.768786797,10,-592.7597934060964,42654.47200000011,42061.71220659401,426,"num_L2/3 + num_L4 + num_L5 from get_parameters(county, seed=BASE_SEED)",0.0,0.0,227.83032991425588
pocus,POCUS,direct_flags,237,4842488.583189354,0.0,1227651.776061776,510807.857945156,4174631.3204633202,10755579.537659608,9465069.558058973,10,-718.86034490676,54144.27240000009,53425.41205509333,426,"num_L2/3 + num_L4 + num_L5 from get_parameters(county, seed=BASE_SEED)",0.0,0.0,177.16418449516885
pocus,POCUS,direct_flags,238,4842488.583189354,0.0,1227651.776061776,373122.89488972933,4177162.9343629344,10620426.188503794,9350683.910640407,10,-853.626155815601,47300.21160000011,46446.58544418451,426,"num_L2/3 + num_L4 + num_L5 from get_parameters(county, seed=BASE_SEED)",0.0,0.0,201.32123429993044
pocus,POCUS,direct_flags,239,4842488.583189354,0.0,1227651.776061776,482746.44701328146,4310187.737451738,10863074.54371615,9557750.856919458,10,259.27887141436804,53195.0444000001,53454.32327141447,426,"num_L2/3 + num_L4 + num_L5 from get_parameters(county, seed=BASE_SEED)",0.0,0.0,178.8022047981031
pocus,POCUS,direct_flags,240,4842488.583189354,0.0,1227651.776061776,507543.74431057874,4353225.173745174,10930909.277306885,9615264.645348828,10,-755.4250145856005,50483.5656000001,49728.140585414505,426,"num_L2/3 + num_L4 + num_L5 from get_parameters(county, seed=BASE_SEED)",0.0,0.0,193.3566091986361
pocus,POCUS,direct_flags,241,4842488.583189354,0.0,1227651.776061776,398466.5242333587,4239072.401544401,10707679.28502889,9425500.965905907,10,-800.9121201740085,32243.024000000107,31442.111879826098,426,"num_L2/3 + num_L4 + num_L5 from get_parameters(county, seed=BASE_SEED)",0.0,0.0,299.77315143241066
pocus,POCUS,direct_flags,242,4842488.583189354,0.0,1227651.776061776,440074.6323414668,4263467.953667954,10773682.94526055,9480819.310957132,10,-252.8819914339831,51655.9056000001,51403.023608566116,426,"num_L2/3 + num_L4 + num_L5 from get_parameters(county, seed=BASE_SEED)",0.0,0.0,184.44088781923696
pocus,POCUS,direct_flags,243,4842488.583189354,0.0,1227651.776061776,520651.48728878534,4273134.115830116,10863925.96237003,9559904.28598037,10,-243.6933140895958,33781.160800000114,33537.46748591052,426,"num_L2/3 + num_L4 + num_L5 from get_parameters(county, seed=BASE_SEED)",0.0,0.0,285.0514663934179
pocus,POCUS,direct_flags,244,4842488.583189354,0.0,1227651.776061776,511502.8386401367,4253341.498069498,10834984.695960764,9534709.604775425,10,570.4688710230504,42403.10360000013,42973.57247102318,426,"num_L2/3 + num_L4 + num_L5 from get_parameters(county, seed=BASE_SEED)",0.0,0.0,221.87379490510412
pocus,POCUS,direct_flags,245,4842488.583189354,0.0,1227651.776061776,395001.27326810773,4346320.772200773,10811462.404720012,9513942.926194424,10,-623.413996178431,25200.43360000009,24577.01960382166,426,"num_L2/3 + num_L4 + num_L5 from get_parameters(county, seed=BASE_SEED)",0.0,0.0,387.10726847917033
pocus,POCUS,direct_flags,246,4842488.583189354,0.0,1227651.776061776,407493.18613048416,4253111.3513513515,10730744.896732967,9443434.371697629,10,-825.1230349609227,25031.09560000013,24205.972565039207,426,"num_L2/3 + num_L4 + num_L5 from get_parameters(county, seed=BASE_SEED)",0.0,3.637978807091713e-12,390.1282770739327
pocus,POCUS,direct_flags,247,4842488.583189354,0.0,1227651.776061776,430501.27326810773,4229406.239382239,10730047.871901479,9442576.578158382,10,-73.64403593076378,52710.477200000154,52636.833164069394,426,"num_L2/3 + num_L4 + num_L5 from get_parameters(county, seed=BASE_SEED)",0.0,-7.275957614183426e-12,179.39104635580568
pocus,POCUS,direct_flags,248,4842488.583189354,0.0,1227651.776061776,502655.34829264635,4258174.579150579,10830970.286694355,9532730.969284883,10,-1526.4113229511113,30190.861200000145,28664.44987704903,426,"num_L2/3 + num_L4 + num_L5 from get_parameters(county, seed=BASE_SEED)",0.0,0.0,332.56284387713026
pocus,POCUS,direct_flags,249,4842488.583189354,0.0,1227651.776061776,417518.64778548223,4325607.567567567,10813266.57460418,9515987.09021153,10,-979.2205416829689,32987.8440000001,32008.62345831713,426,"num_L2/3 + num_L4 + num_L5 from get_parameters(county, seed=BASE_SEED)",0.0,0.0,297.29448073903006
pocus,POCUS,direct_flags,250,4842488.583189354,0.0,1227651.776061776,426234.86400169844,4313409.791505791,10809785.01475862,9509531.525357373,10,-241.1882196173582,41096.8964000001,40855.70818038274,426,"num_L2/3 + num_L4 + num_L5 from get_parameters(county, seed=BASE_SEED)",0.0,0.0,232.75894480574604
intrapartum_sensors,Intrapartum sensors,direct_flags,201,2242560.2707348387,0.0,1227651.776061776,0.0,511352.1853281854,3981564.2321248,3484433.7877415232,10,373.2177912876553,2781.485200000039,3154.702991287694,0,Not applicable,0.0,4.547473508864641e-13,1104.5203930019538
intrapartum_sensors,Intrapartum sensors,direct_flags,202,2242560.2707348387,0.0,1227651.776061776,3320.0981905617887,438715.583011583,3912247.7279987596,3423337.83401984,10,411.2942968365987,1533.8616000000475,1945.1558968366462,0,Not applicable,0.0,0.0,1759.9298028436285
intrapartum_sensors,Intrapartum sensors,direct_flags,203,2242560.2707348387,0.0,1227651.776061776,83.01158301158301,424947.861003861,3895242.9193834877,3408276.365478681,10,342.9281023940313,3632.8512000000337,3975.779302394065,0,Not applicable,0.0,0.0,857.2599498735619
intrapartum_sensors,Intrapartum sensors,direct_flags,204,2242560.2707348387,0.0,1227651.776061776,0.0,449160.06177606183,3919372.108572677,3429571.363462798,10,401.74405809209566,2161.380799999999,2563.1248580920947,0,Not applicable,0.0,0.0,1338.0430347102392
intrapartum_sensors,Intrapartum sensors,direct_flags,205,2242560.2707348387,0.0,1227651.776061776,83.01158301158301,498533.9613899614,3968829.0197695876,3473073.186785155,10,858.5962561145993,1228.5188000000635,2087.115056114663,0,Not applicable,0.0,0.0,1664.0544931195925
intrapartum_sensors,Intrapartum sensors,direct_flags,206,2242560.2707348387,0.0,1227651.776061776,0.0,485620.7876447877,3955832.8344414025,3461595.1356955967,10,423.2344013701959,2923.168000000078,3346.4024013702738,0,Not applicable,0.0,0.0,1034.422857896036
intrapartum_sensors,Intrapartum sensors,direct_flags,207,2242560.2707348387,0.0,1227651.776061776,0.0,380084.0772200772,3850296.124016692,3368701.3374437885,10,468.53728525710164,3639.8652000000584,4108.40248525716,0,Not applicable,0.0,0.0,819.9540696249309
intrapartum_sensors,Intrapartum sensors,direct_flags,208,2242560.2707348387,0.0,1227651.776061776,6574.924445388043,477170.25482625485,3953957.226068258,3459875.554327652,10,566.9192551933863,3673.0648000000365,4239.984055193423,0,Not applicable,0.0,0.0,816.0114541208615
intrapartum_sensors,Intrapartum sensors,direct_flags,209,2242560.2707348387,0.0,1227651.776061776,3796.932167395765,409898.3166023166,3883907.295566327,3398369.5209715036,10,214.89442916661324,3650.0856000000203,3864.9800291666334,0,Not applicable,0.0,0.0,879.2722071850549
intrapartum_sensors,Intrapartum sensors,direct_flags,210,2242560.2707348387,0.0,1227651.776061776,83.01158301158301,513156.2316602317,3983451.290039858,3485896.9125152067,10,544.7349863593417,4769.052400000015,5313.787386359357,0,Not applicable,0.0,0.0,656.0098587052247
intrapartum_sensors,Intrapartum sensors,direct_flags,211,2242560.2707348387,0.0,1227651.776061776,297.2972972972973,414218.53281853284,3884727.876912445,3398961.6158664953,10,334.4326220614088,3233.921600000045,3568.354222061454,0,Not applicable,0.0,0.0,952.5292065603566
intrapartum_sensors,Intrapartum sensors,direct_flags,212,2242560.2707348387,0.0,1227651.776061776,0.0,444412.5714285715,3914624.618225186,3425413.390158884,10,226.1982625224647,4826.901200000037,5053.099462522501,0,Not applicable,0.0,0.0,677.8836267847619
intrapartum_sensors,Intrapartum sensors,direct_flags,213,2242560.2707348387,0.0,1227651.776061776,166.02316602316603,367788.0772200772,3838166.147182715,3358428.4052127795,10,193.22765116156762,3750.0852000000305,3943.3128511615982,0,Not applicable,0.0,0.0,851.676884887151
intrapartum_sensors,Intrapartum sensors,direct_flags,214,2242560.2707348387,0.0,1227651.776061776,83.01158301158301,393377.05019305024,3863672.108572677,3380790.1046884223,10,570.215780643666,3141.737600000022,3711.9533806436884,0,Not applicable,0.0,0.0,910.7846349358409
intrapartum_sensors,Intrapartum sensors,direct_flags,215,2242560.2707348387,0.0,1227651.776061776,83.01158301158301,496682.4401544402,3966977.4985340666,3471699.476556224,10,369.83245999750807,1301.2640000000247,1671.0964599975327,0,Not applicable,0.0,0.0,2077.497953984864
intrapartum_sensors,Intrapartum sensors,direct_flags,216,2242560.2707348387,0.0,1227651.776061776,83.01158301158301,479211.6756756757,3949506.734055302,3456423.17584846,10,274.4849679206234,1512.352000000028,1786.8369679206514,0,Not applicable,0.0,0.0,1934.3808293101927
intrapartum_sensors,Intrapartum sensors,direct_flags,217,2242560.2707348387,0.0,1227651.776061776,2449.441819905418,373437.59073359077,3846099.079350111,3365659.5861308957,10,297.4056466182941,2853.094800000006,3150.5004466183004,0,Not applicable,0.0,0.0,1068.2936387911145
intrapartum_sensors,Intrapartum sensors,direct_flags,218,2242560.2707348387,0.0,1227651.776061776,6850.986221449819,400260.91119691124,3877323.944214976,3392871.4208476637,10,394.54501829370577,3392.1040000000357,3786.6490182937414,0,Not applicable,0.0,0.0,896.0089526270609
intrapartum_sensors,Intrapartum sensors,direct_flags,219,2242560.2707348387,0.0,1227651.776061776,0.0,531576.4942084942,4001788.541005109,3502552.1728007365,10,281.70853632461245,2843.275200000033,3124.983736324645,0,Not applicable,0.0,0.0,1120.8225284782304
intrapartum_sensors,Intrapartum sensors,direct_flags,220,2242560.2707348387,0.0,1227651.776061776,2926.2757967393945,362091.0888030888,3835229.411396443,3355824.951564895,10,303.2192153765455,1506.139600000024,1809.3588153765695,0,Not applicable,0.0,0.0,1854.703955371323
intrapartum_sensors,Intrapartum sensors,direct_flags,221,2242560.2707348387,0.0,1227651.776061776,83.01158301158301,464731.8301158302,3935026.8884954564,3443677.011681041,10,254.7528724548281,3871.46080000003,4126.213672454858,0,Not applicable,0.0,0.0,834.5852360166924
intrapartum_sensors,Intrapartum sensors,direct_flags,222,2242560.2707348387,0.0,1227651.776061776,2860.638731102329,426846.85714285716,3899919.542670574,3412778.8973594722,10,371.8306788447219,3378.2764000000752,3750.107078844797,0,Not applicable,0.0,0.0,910.0483867812018
intrapartum_sensors,Intrapartum sensors,direct_flags,223,2242560.2707348387,0.0,1227651.776061776,83.01158301158301,440044.88030888035,3910339.938688507,3422120.832376354,10,188.6140722980345,3022.366000000038,3210.9800722980726,0,Not applicable,0.0,0.0,1065.7558612399514
intrapartum_sensors,Intrapartum sensors,direct_flags,224,2242560.2707348387,0.0,1227651.776061776,166.02316602316603,370968.8957528958,3841346.965715534,3361256.7509119953,10,348.0288709010048,5003.988000000041,5352.016870901046,0,Not applicable,0.0,0.0,628.0355297807771
intrapartum_sensors,Intrapartum sensors,direct_flags,225,2242560.2707348387,0.0,1227651.776061776,83.01158301158301,446643.8918918919,3916938.950271518,3427932.0909894896,10,193.54244479181335,3927.840000000011,4121.382444791824,0,Not applicable,0.0,0.0,831.7432650108351
intrapartum_sensors,Intrapartum sensors,direct_flags,226,2242560.2707348387,0.0,1227651.776061776,2283.418653882252,381698.22393822396,3854193.6893887212,3372816.4257321353,10,240.7403764556576,2399.656400000051,2640.3967764557083,0,Not applicable,0.0,0.0,1277.3899952489633
intrapartum_sensors,Intrapartum sensors,direct_flags,227,2249083.6455694293,0.0,1227651.776061776,6312.376182839781,410800.3397683398,3893848.137582385,3407505.2025098447,10,533.6366195657752,1004.9392000000371,1538.5758195658123,0,Not applicable,0.0,0.0,2214.7138666662827
intrapartum_sensors,Intrapartum sensors,direct_flags,228,2242560.2707348387,0.0,1227651.776061776,2349.055719519318,390053.806949807,3862614.909465941,3380078.0856359275,10,419.48070820052556,1668.5304000000615,2088.011108200587,0,Not applicable,0.0,0.0,1618.8027316333687
intrapartum_sensors,Intrapartum sensors,direct_flags,229,2249083.6455694293,0.0,1227651.776061776,5472.607843071441,459177.2664092664,3941385.2958835433,3449462.3868129416,10,329.1375748518468,3327.775600000008,3656.913174851855,0,Not applicable,0.0,0.0,943.2716123900543
intrapartum_sensors,Intrapartum sensors,direct_flags,230,2242560.2707348387,0.0,1227651.776061776,83.01158301158301,452910.5791505792,3923205.637530206,3433505.6405342896,10,106.12329405382127,-1178.7527999999293,-1072.6295059461079,0,Not applicable,0.0,-2.2737367544323206e-13,
intrapartum_sensors,Intrapartum sensors,direct_flags,231,2242560.2707348387,0.0,1227651.776061776,2825.8896963532943,438763.0579150579,3911800.9944080263,3423384.386848867,10,375.802727372817,2340.070800000016,2715.873527372833,0,Not applicable,0.0,0.0,1260.509501766246
intrapartum_sensors,Intrapartum sensors,direct_flags,232,2242560.2707348387,0.0,1227651.776061776,3696.546067009665,444412.5714285715,3918321.164292196,3429129.361042588,10,457.63390630538026,3327.308000000019,3784.9419063053992,0,Not applicable,0.0,0.0,905.992600660513
intrapartum_sensors,Intrapartum sensors,direct_flags,233,2242560.2707348387,0.0,1227651.776061776,0.0,449207.5366795367,3919419.5834761513,3430254.8591388427,10,67.03486661189072,2836.595200000025,2903.630066611916,0,Not applicable,0.0,0.0,1181.3677295129457
intrapartum_sensors,Intrapartum sensors,direct_flags,234,2242560.2707348387,0.0,1227651.776061776,4173.380043843642,436911.5366795367,3911296.963519995,3423176.140739816,10,525.0515245265797,4735.051200000031,5260.1027245266105,0,Not applicable,0.0,0.0,650.7812337539261
intrapartum_sensors,Intrapartum sensors,direct_flags,235,2242560.2707348387,0.0,1227651.776061776,83.01158301158301,469954.0694980695,3940249.127877696,3448472.3296961747,10,166.01560030164433,1425.7792000000481,1591.7948003016925,0,Not applicable,0.0,0.0,2166.4050724644826
intrapartum_sensors,Intrapartum sensors,direct_flags,236,2249083.6455694293,0.0,1227651.776061776,25410.831781295376,429363.02702702704,3931509.2804395277,3441300.0252282494,10,499.1487030835217,3895.3752000000386,4394.52390308356,0,Not applicable,0.0,0.0,783.0882482658815
intrapartum_sensors,Intrapartum sensors,direct_flags,237,2242560.2707348387,0.0,1227651.776061776,3237.0866075502054,354637.528957529,3828086.662361694,3349968.4905503644,10,328.27215215364663,8788.809200000018,9117.081352153664,0,Not applicable,0.0,0.0,367.43869678853144
intrapartum_sensors,Intrapartum sensors,direct_flags,238,2249083.6455694293,0.0,1227651.776061776,7376.082746546344,364369.8841698842,3848481.3885476356,3367688.2762869005,10,428.25638493780014,1721.4360000000452,2149.6923849378454,0,Not applicable,0.0,0.0,1566.5907828874183
intrapartum_sensors,Intrapartum sensors,direct_flags,239,2242560.2707348387,0.0,1227651.776061776,83.01158301158301,429125.65250965254,3899420.710889279,3412299.2816095618,10,378.222618078825,-60.11999999996624,318.10261807885877,0,Not applicable,0.0,0.0,10727.03928756613
intrapartum_sensors,Intrapartum sensors,direct_flags,240,2242560.2707348387,0.0,1227651.776061776,0.0,414408.4324324324,3884620.479229047,3399582.1201467337,10,275.78866744902257,4862.639200000049,5138.4278674490715,0,Not applicable,0.0,0.0,661.5996580748787
intrapartum_sensors,Intrapartum sensors,direct_flags,241,2242560.2707348387,0.0,1227651.776061776,3040.1754106390085,412414.4864864865,3885666.7086937404,3400340.959149441,10,449.9801112011768,1035.9344000000274,1485.9145112012043,0,Not applicable,0.0,0.0,2288.382631380742
intrapartum_sensors,Intrapartum sensors,direct_flags,242,2242560.2707348387,0.0,1227651.776061776,2366.430236893835,413933.68339768343,3886512.1604311923,3400941.178479819,10,291.22105079706165,2829.581200000015,3120.802250797077,0,Not applicable,0.0,0.0,1089.7650364136955
intrapartum_sensors,Intrapartum sensors,direct_flags,243,2242560.2707348387,0.0,1227651.776061776,2926.2757967393945,416165.0038610039,3889303.326454358,3403730.3781559104,10,394.5028473381443,7234.974400000021,7629.477247338165,0,Not applicable,0.0,0.0,446.1289113016795
intrapartum_sensors,Intrapartum sensors,direct_flags,244,2242560.2707348387,0.0,1227651.776061776,11991.912862376459,391525.528957529,3873729.4886165205,3389973.78492252,10,516.0569571090515,2583.957600000009,3100.01455710906,0,Not applicable,0.0,0.0,1093.5347955539485
intrapartum_sensors,Intrapartum sensors,direct_flags,245,2234406.0521916007,0.0,1227651.776061776,83.01158301158301,507791.56756756763,3969932.407403956,3474531.5563792596,10,143.48418893689507,3157.2352000000246,3300.7193889369196,0,Not applicable,0.0,0.0,1052.658874312342
intrapartum_sensors,Intrapartum sensors,direct_flags,246,2242560.2707348387,0.0,1227651.776061776,0.0,469241.945945946,3939453.992742561,3447755.4768805653,10,338.0118115382911,1218.8328000000474,1556.8446115383385,0,Not applicable,0.0,0.0,2214.5790603172613
intrapartum_sensors,Intrapartum sensors,direct_flags,247,2242560.2707348387,0.0,1227651.776061776,2449.441819905418,398266.96525096527,3870928.4538674853,3387419.2202331163,10,402.9615558629633,1269.6676000000152,1672.6291558629785,0,Not applicable,0.0,0.0,2025.206369480871
intrapartum_sensors,Intrapartum sensors,direct_flags,248,2242560.2707348387,0.0,1227651.776061776,2808.515178978777,507221.86872586876,3980242.430701462,3483673.6749989456,10,345.019556661205,672.4088000000775,1017.4283566612825,0,Not applicable,0.0,0.0,3423.998999232448
intrapartum_sensors,Intrapartum sensors,direct_flags,249,2242560.2707348387,0.0,1227651.776061776,166.02316602316603,476600.55598455603,3946978.625947194,3454555.4777904046,10,305.97390396947515,1532.258400000006,1838.232303969481,0,Not applicable,0.0,0.0,1879.281236833143
intrapartum_sensors,Intrapartum sensors,direct_flags,250,2242560.2707348387,0.0,1227651.776061776,83.01158301158301,434347.8918918919,3904642.950271518,3417134.880958363,10,218.01935244504932,5163.10560000001,5381.1249524450595,0,Not applicable,0.0,0.0,635.02239980614
ai_intrapartum_sensors,AI Intrapartum sensors,direct_flags,201,2242560.2707348387,0.0,1227651.776061776,2283.418653882252,627001.0501930502,4099496.5156435473,3588473.6392260795,10,483.5974587682494,16825.183200000014,17308.780658768264,0,Not applicable,0.0,0.0,207.32099562474
ai_intrapartum_sensors,AI Intrapartum sensors,direct_flags,202,2242560.2707348387,0.0,1227651.776061776,3717.7815882451864,410420.5405405406,3884350.3689254005,3398791.2907423074,10,299.0935006645454,23777.727199999936,24076.82070066448,0,Not applicable,0.0,0.0,141.16445576423246
ai_intrapartum_sensors,AI Intrapartum sensors,direct_flags,203,2242560.2707348387,0.0,1227651.776061776,0.0,661562.77992278,4131774.826719395,3616035.7170897387,10,613.5032358489509,17109.28360000001,17722.78683584896,0,Not applicable,0.0,0.0,204.03313263213
ai_intrapartum_sensors,AI Intrapartum sensors,direct_flags,204,2234406.0521916007,0.0,1227651.776061776,0.0,579953.420849421,4042011.249102798,3537333.3526640045,10,572.2140998947061,21031.178400000004,21603.39249989471,0,Not applicable,0.0,0.0,163.73971600438423
ai_intrapartum_sensors,AI Intrapartum sensors,direct_flags,205,2242560.2707348387,0.0,1227651.776061776,2283.418653882252,583941.3127413128,4056436.77819181,3550125.1548644747,10,818.7139360743452,16590.715200000035,17409.42913607438,0,Not applicable,0.0,0.0,203.91967634988092
ai_intrapartum_sensors,AI Intrapartum sensors,direct_flags,206,2242560.2707348387,0.0,1227651.776061776,2283.418653882252,653444.5714285715,4125940.0368790687,3611311.0873664403,10,509.7232470553198,17179.022800000035,17688.746047055356,0,Not applicable,0.0,0.0,204.15868246170083
ai_intrapartum_sensors,AI Intrapartum sensors,direct_flags,207,2234406.0521916007,0.0,1227651.776061776,0.0,559729.1119691121,4021786.9402224887,3519553.564935746,10,613.1113998047663,19061.714000000007,19674.825399804773,0,Not applicable,0.0,0.0,178.88613969456978
ai_intrapartum_sensors,AI Intrapartum sensors,direct_flags,208,2242560.2707348387,0.0,1227651.776061776,4702.337572801171,567514.9961389962,4042429.380508412,3537623.6260361644,10,403.01748689336364,21352.954000000012,21755.971486893377,0,Not applicable,0.0,0.0,162.6047188086895
ai_intrapartum_sensors,AI Intrapartum sensors,direct_flags,209,2242560.2707348387,0.0,1227651.776061776,3648.2835187471164,591347.3976833978,4065207.7279987596,3557924.299826699,10,432.5325757156056,18492.71160000001,18925.244175715616,0,Not applicable,0.0,0.0,187.99885839212237
ai_intrapartum_sensors,AI Intrapartum sensors,direct_flags,210,2242560.2707348387,0.0,1227651.776061776,0.0,579668.5714285715,4049880.618225186,3544389.111714451,10,523.903421338016,16490.44839999998,17014.351821337994,0,Not applicable,0.0,0.0,208.31761027001752
ai_intrapartum_sensors,AI Intrapartum sensors,direct_flags,211,2242560.2707348387,0.0,1227651.776061776,0.0,606776.7413127413,4076988.788109356,3568048.9521240545,10,390.5142900732485,16317.703600000037,16708.217890073287,0,Not applicable,0.0,0.0,213.55053995578484
ai_intrapartum_sensors,AI Intrapartum sensors,direct_flags,212,2242560.2707348387,0.0,1227651.776061776,2349.055719519318,517001.6988416989,3989562.8013578327,3491242.427115609,10,253.10339833737993,14401.478800000026,14654.582198337406,0,Not applicable,0.0,0.0,238.23554843560794
ai_intrapartum_sensors,AI Intrapartum sensors,direct_flags,213,2242560.2707348387,0.0,1227651.776061776,0.0,528585.5752895754,3998797.62208619,3499517.7825596957,10,399.18192386506536,15202.878400000045,15602.060323865111,0,Not applicable,0.0,0.0,224.29843943154023
ai_intrapartum_sensors,AI Intrapartum sensors,direct_flags,214,2242560.2707348387,0.0,1227651.776061776,2283.418653882252,550281.6061776062,4022777.071628103,3520545.0697552073,10,795.8329148601475,15713.430799999987,16509.263714860135,0,Not applicable,0.0,0.0,213.24664325195394
ai_intrapartum_sensors,AI Intrapartum sensors,direct_flags,215,2242560.2707348387,0.0,1227651.776061776,0.0,511589.5598455599,3981801.6066421745,3484687.422688446,10,345.58908646924607,15067.808800000013,15413.39788646926,0,Not applicable,0.0,0.0,226.0817146456395
ai_intrapartum_sensors,AI Intrapartum sensors,direct_flags,216,2242560.2707348387,0.0,1227651.776061776,0.0,616366.6718146718,4086578.7186112865,3576790.77351985,10,468.5143560404366,19053.09680000003,19521.611156040464,0,Not applicable,0.0,0.0,183.22210932949062
ai_intrapartum_sensors,AI Intrapartum sensors,direct_flags,217,2242560.2707348387,0.0,1227651.776061776,0.0,657574.888030888,4127786.934827503,3613021.5866886643,10,541.8462855112558,10425.142000000022,10966.988285511277,0,Not applicable,0.0,0.0,329.4451943075297
ai_intrapartum_sensors,AI Intrapartum sensors,direct_flags,218,2242560.2707348387,0.0,1227651.776061776,4256.391626855225,622348.5096525097,4096816.9480759795,3585566.4025356933,10,630.3447541188731,9820.000800000023,10450.345554118896,0,Not applicable,0.0,0.0,343.1050565713092
ai_intrapartum_sensors,AI Intrapartum sensors,direct_flags,219,2242560.2707348387,0.0,1227651.776061776,0.0,540406.8262548263,4010618.8730514413,3510049.141887323,10,338.18104351148423,18437.93560000001,18776.116643511497,0,Not applicable,0.0,0.0,186.94223137457436
ai_intrapartum_sensors,AI Intrapartum sensors,direct_flags,220,2242560.2707348387,0.0,1227651.776061776,83.01158301158301,528822.9498069498,3999118.008186576,3499557.460051237,10,463.8977969422618,11975.236000000004,12439.133796942266,0,Not applicable,0.0,0.0,281.3344978178049
ai_intrapartum_sensors,AI Intrapartum sensors,direct_flags,221,2242560.2707348387,0.0,1227651.776061776,0.0,540881.5752895754,4011093.62208619,3510285.353156026,10,319.0463640623236,13343.70080000005,13662.747164062373,0,Not applicable,0.0,0.0,256.92383171586886
ai_intrapartum_sensors,AI Intrapartum sensors,direct_flags,222,2242560.2707348387,0.0,1227651.776061776,0.0,683306.2857142858,4153518.3325109007,3635556.874493118,10,596.4270229291728,10021.202400000053,10617.629422929225,0,Not applicable,0.0,0.0,342.40758738876093
ai_intrapartum_sensors,AI Intrapartum sensors,direct_flags,223,2242560.2707348387,0.0,1227651.776061776,0.0,623203.057915058,4093415.1047116728,3582772.502514484,10,265.11288882544414,12133.284800000052,12398.397688825497,0,Not applicable,0.0,0.0,288.97060672151105
ai_intrapartum_sensors,AI Intrapartum sensors,direct_flags,224,2242560.2707348387,0.0,1227651.776061776,0.0,534472.4633204633,4004684.510117078,3504417.7722420585,10,382.35685195881376,14247.771999999997,14630.12885195881,0,Not applicable,0.0,0.0,239.53430675170412
ai_intrapartum_sensors,AI Intrapartum sensors,direct_flags,225,2242560.2707348387,0.0,1227651.776061776,0.0,548240.1853281853,4018452.2321248,3516756.467549043,10,261.7571885852554,16695.92519999997,16957.682388585225,0,Not applicable,0.0,0.0,207.38426318895367
ai_intrapartum_sensors,AI Intrapartum sensors,direct_flags,226,2242560.2707348387,0.0,1227651.776061776,83.01158301158301,492029.89961389964,3962324.957993526,3467303.4398245546,10,314.57969918578704,13440.226800000048,13754.806499185835,0,Not applicable,0.0,0.0,252.079405117752
ai_intrapartum_sensors,AI Intrapartum sensors,direct_flags,227,2242560.2707348387,0.0,1227651.776061776,4947.511317974916,550234.1312741314,4025393.6893887212,3522958.532870349,10,823.1305617434975,10338.970000000016,11162.100561743513,0,Not applicable,0.0,0.0,315.6178815432626
ai_intrapartum_sensors,AI Intrapartum sensors,direct_flags,228,2242560.2707348387,0.0,1227651.776061776,0.0,558257.3899613899,4028469.4367580046,3525571.393376548,10,520.0796157183466,15206.485600000087,15726.565215718434,0,Not applicable,0.0,0.0,224.17936434414804
ai_intrapartum_sensors,AI Intrapartum sensors,direct_flags,229,2242560.2707348387,0.0,1227651.776061776,3713.920584384182,592344.3706563707,4066270.33803737,3559058.261844531,10,465.4118136468642,16999.33080000001,17464.742613646875,0,Not applicable,0.0,0.0,203.78532570319692
ai_intrapartum_sensors,AI Intrapartum sensors,direct_flags,230,2242560.2707348387,0.0,1227651.776061776,0.0,585080.7104247105,4055292.7572213253,3549563.498973817,10,180.59781616828582,14802.946800000049,14983.544616168334,0,Not applicable,0.0,0.0,236.89744916190125
ai_intrapartum_sensors,AI Intrapartum sensors,direct_flags,231,2242560.2707348387,0.0,1227651.776061776,2825.8896963532943,465918.7027027027,3938956.639195671,3446949.3140820065,10,399.9395171806823,20428.909600000014,20828.849117180696,0,Not applicable,0.0,0.0,165.4891873617149
ai_intrapartum_sensors,AI Intrapartum sensors,direct_flags,232,2242560.2707348387,0.0,1227651.776061776,3302.7236731872713,542875.5212355213,4016390.2917053234,3515059.0812072298,10,662.7013660597571,15701.40680000004,16364.108166059797,0,Not applicable,0.0,0.0,214.80297279491748
ai_intrapartum_sensors,AI Intrapartum sensors,direct_flags,233,2242560.2707348387,0.0,1227651.776061776,0.0,644471.8146718147,4114683.8614684297,3601616.5234990125,10,230.08809304900387,20313.412400000045,20543.500493049047,0,Not applicable,0.0,0.0,175.31659342659884
ai_intrapartum_sensors,AI Intrapartum sensors,direct_flags,234,2242560.2707348387,0.0,1227651.776061776,3779.5576500212483,558637.1891891892,4032628.793635825,3529429.5616571936,10,772.3069935980963,20602.723200000022,21375.03019359812,0,Not applicable,0.0,0.0,165.11927841459928
ai_intrapartum_sensors,AI Intrapartum sensors,direct_flags,235,2242560.2707348387,0.0,1227651.776061776,0.0,549664.4324324324,4019876.479229047,3518275.6236800225,10,272.5369392726342,12876.30120000003,13148.838139272664,0,Not applicable,0.0,0.0,267.5731183557362
ai_intrapartum_sensors,AI Intrapartum sensors,direct_flags,236,2242560.2707348387,0.0,1227651.776061776,18362.56923303283,572974.6100386101,4061549.226068258,3555131.282516238,10,747.6714740170157,17211.354000000065,17959.02547401708,0,Not applicable,0.0,3.637978807091713e-12,197.9579174638269
ai_intrapartum_sensors,AI Intrapartum sensors,direct_flags,237,2242560.2707348387,0.0,1227651.776061776,3022.800893264491,553747.2741312742,4026982.1218211534,3524435.1418629913,10,505.52176946267895,16827.387600000002,17332.909369462683,0,Not applicable,0.0,-3.637978807091713e-12,203.33777017679336
ai_intrapartum_sensors,AI Intrapartum sensors,direct_flags,238,2242560.2707348387,0.0,1227651.776061776,6063.341433805032,482582.39382239385,3958857.7820528136,3464245.141094899,10,502.4846695661561,16124.651600000041,16627.136269566196,0,Not applicable,0.0,0.0,208.34887529223826
ai_intrapartum_sensors,AI Intrapartum sensors,direct_flags,239,2242560.2707348387,0.0,1227651.776061776,0.0,529630.0231660232,3999842.069962638,3500203.876191968,10,549.6275847531394,22302.516000000032,22852.143584753172,0,Not applicable,0.0,0.0,153.16742008077026
ai_intrapartum_sensors,AI Intrapartum sensors,direct_flags,240,2242560.2707348387,0.0,1227651.776061776,83.01158301158301,494688.4942084942,3964983.5525881206,3469799.5383024598,10,298.95362588120054,18833.992800000036,19132.946425881237,0,Not applicable,0.0,0.0,181.35207516228886
ai_intrapartum_sensors,AI Intrapartum sensors,direct_flags,241,2242560.2707348387,0.0,1227651.776061776,2611.60398206758,502284.4787644788,3975108.129543161,3478371.7332254113,10,529.0210360183768,20344.941999999995,20873.963036018373,0,Not applicable,0.0,0.0,166.6368636958599
ai_intrapartum_sensors,AI Intrapartum sensors,direct_flags,242,2242560.2707348387,0.0,1227651.776061776,0.0,521321.9150579151,3991533.9618545296,3492960.746441445,10,351.67546459214634,15376.024000000034,15727.69946459218,0,Not applicable,0.0,0.0,222.08974391360658
ai_intrapartum_sensors,AI Intrapartum sensors,direct_flags,243,2242560.2707348387,0.0,1227651.776061776,2414.6927851563833,712835.6756756757,4185462.415257447,3663607.6247109273,10,1049.1232115766138,16145.89400000003,17195.017211576644,0,Not applicable,0.0,0.0,213.06216676796242
ai_intrapartum_sensors,AI Intrapartum sensors,direct_flags,244,2242560.2707348387,0.0,1227651.776061776,10233.225603689201,498771.3359073359,3979216.60830764,3482324.7725641625,10,771.7803888448532,17880.48960000003,18652.269988844884,0,Not applicable,0.0,0.0,186.697103068248
ai_intrapartum_sensors,AI Intrapartum sensors,direct_flags,245,2234406.0521916007,0.0,1227651.776061776,0.0,563289.7297297298,4025347.5579831065,3522852.0120444875,10,165.77873415410846,15237.080000000045,15402.858734154153,0,Not applicable,0.0,0.0,228.71416747028582
ai_intrapartum_sensors,AI Intrapartum sensors,direct_flags,246,2234406.0521916007,0.0,1227651.776061776,0.0,597661.5598455599,4059719.3880989365,3552948.2610868057,10,301.8909990875746,14591.591600000029,14893.482599087603,0,Not applicable,0.0,0.0,238.55725062615406
ai_intrapartum_sensors,AI Intrapartum sensors,direct_flags,247,2242560.2707348387,0.0,1227651.776061776,0.0,449967.13513513515,3920179.18193175,3430204.983682182,10,349.6414477777911,15243.092000000048,15592.733447777839,0,Not applicable,0.0,0.0,219.98740600359775
ai_intrapartum_sensors,AI Intrapartum sensors,direct_flags,248,2242560.2707348387,0.0,1227651.776061776,2808.515178978777,555788.694980695,4028809.2569562886,3525768.782609726,10,336.1201821975842,17055.17560000006,17391.295782197645,0,Not applicable,0.0,0.0,202.73180485026478
ai_intrapartum_sensors,AI Intrapartum sensors,direct_flags,249,2242560.2707348387,0.0,1227651.776061776,0.0,566612.972972973,4036825.0197695876,3532827.326638099,10,340.39350899879076,15223.5196,15563.91310899879,0,Not applicable,0.0,0.0,226.9883738039811
ai_intrapartum_sensors,AI Intrapartum sensors,direct_flags,250,2242560.2707348387,0.0,1227651.776061776,0.0,571075.613899614,4041287.660696229,3536579.1651051342,10,246.86897937993092,20921.69320000001,21168.56217937994,0,Not applicable,0.0,0.0,167.06751904718766
