scenario,intervention,level,run,surgical_actual_total,nurse_actual_total,anesthetist_actual_total,surgical_needed_total,nurse_needed_total,anesthetist_needed_total,surgical_gap_total,nurse_gap_total,anesthetist_gap_total,surgical_ratio_mean,nurse_ratio_mean,anesthetist_ratio_mean
diagnosis_base,Baseline,base,201,1152.0,7344.0,1116.0,4551.0,14461.0,934.0,3399.0,7117.0,-182.0,0.26606126722335166,0.4952084875565842,1.2018475518862515
pocus,POCUS,direct_flags,201,1152.0,7344.0,1116.0,4501.0,12768.0,1272.0,3349.0,5424.0,156.0,0.2747854235018557,0.5541696590380272,0.9001740956753034
intrapartum_sensors,Intrapartum sensors,direct_flags,201,1152.0,7344.0,1116.0,4516.0,14115.0,821.0,3364.0,6771.0,-295.0,0.27201313540348065,0.5096292610312019,1.3838379190707621
ai_intrapartum_sensors,AI Intrapartum sensors,direct_flags,201,1152.0,7344.0,1116.0,4499.0,13957.0,774.0,3347.0,6613.0,-342.0,0.2750774744460806,0.5165102865082559,1.4759233821733821
diagnosis_base,Baseline,base,202,1152.0,7344.0,1116.0,4573.0,14401.0,951.0,3421.0,7057.0,-165.0,0.2625741892405007,0.49420074600744435,1.1762012431678324
pocus,POCUS,direct_flags,202,1152.0,7344.0,1116.0,4519.0,12676.0,1268.0,3367.0,5332.0,152.0,0.27153919308171226,0.5550340948676628,0.8941401694119084
intrapartum_sensors,Intrapartum sensors,direct_flags,202,1152.0,7344.0,1116.0,4546.0,14128.0,866.0,3394.0,6784.0,-250.0,0.2669015541505951,0.5050532670957901,1.3013754967799085
ai_intrapartum_sensors,AI Intrapartum sensors,direct_flags,202,1152.0,7344.0,1116.0,4543.0,14129.0,870.0,3391.0,6785.0,-246.0,0.26733100895504985,0.5048841374098156,1.2907987732129889
diagnosis_base,Baseline,base,203,1152.0,7344.0,1116.0,4522.0,13593.0,908.0,3370.0,6249.0,-208.0,0.2710291103705426,0.5237480700907001,1.2286333514887435
pocus,POCUS,direct_flags,203,1152.0,7344.0,1116.0,4477.0,11998.0,1208.0,3325.0,4654.0,92.0,0.2792999528533416,0.5865768332761061,0.9341698458546285
intrapartum_sensors,Intrapartum sensors,direct_flags,203,1152.0,7344.0,1116.0,4494.0,13336.0,829.0,3342.0,5992.0,-287.0,0.27605646727289945,0.5355085974573466,1.3555545081280376
ai_intrapartum_sensors,AI Intrapartum sensors,direct_flags,203,1152.0,7344.0,1116.0,4462.0,13035.0,729.0,3310.0,5691.0,-387.0,0.28224653827275303,0.5498557446948787,1.5614748677248675
diagnosis_base,Baseline,base,204,1152.0,7344.0,1116.0,4605.0,15357.0,1024.0,3453.0,8013.0,-92.0,0.257747658417593,0.4664068241273006,1.0940249589114397
pocus,POCUS,direct_flags,204,1152.0,7344.0,1116.0,4540.0,13330.0,1370.0,3388.0,5986.0,254.0,0.2679016611289629,0.5301588589523948,0.8319343923208656
intrapartum_sensors,Intrapartum sensors,direct_flags,204,1152.0,7344.0,1116.0,4575.0,15060.0,925.0,3423.0,7716.0,-191.0,0.26226119462195047,0.4770680748852254,1.2216645064458531
ai_intrapartum_sensors,AI Intrapartum sensors,direct_flags,204,1152.0,7344.0,1116.0,4552.0,14860.0,863.0,3400.0,7516.0,-253.0,0.2659260803490343,0.4847795905792174,1.31802443199502
diagnosis_base,Baseline,base,205,1152.0,7344.0,1116.0,4571.0,14669.0,963.0,3419.0,7325.0,-153.0,0.2628622550841221,0.48698320288646535,1.1616812148836142
pocus,POCUS,direct_flags,205,1152.0,7344.0,1116.0,4521.0,12874.0,1301.0,3369.0,5530.0,185.0,0.2712010288305045,0.5479063129809265,0.872882365666182
intrapartum_sensors,Intrapartum sensors,direct_flags,205,1152.0,7344.0,1116.0,4538.0,14328.0,851.0,3386.0,6984.0,-265.0,0.2681975548487696,0.5004765693636103,1.3291673150741776
ai_intrapartum_sensors,AI Intrapartum sensors,direct_flags,205,1152.0,7344.0,1116.0,4523.0,14197.0,811.0,3371.0,6853.0,-305.0,0.27080458248297123,0.5057978679715467,1.3990877155705586
diagnosis_base,Baseline,base,206,1152.0,7344.0,1116.0,4521.0,13629.0,888.0,3369.0,6285.0,-228.0,0.2711606796868945,0.5228996459678878,1.2550332633053223
pocus,POCUS,direct_flags,206,1152.0,7344.0,1116.0,4474.0,12047.0,1191.0,3322.0,4703.0,75.0,0.27991799925943145,0.5848749302508134,0.952014581634147
intrapartum_sensors,Intrapartum sensors,direct_flags,206,1152.0,7344.0,1116.0,4491.0,13327.0,795.0,3339.0,5983.0,-321.0,0.2765848489154116,0.536455524051164,1.4182565120065123
ai_intrapartum_sensors,AI Intrapartum sensors,direct_flags,206,1152.0,7344.0,1116.0,4467.0,13113.0,726.0,3315.0,5769.0,-390.0,0.28128858921697797,0.5468435074484028,1.565398606023606
diagnosis_base,Baseline,base,207,1152.0,7344.0,1116.0,4607.0,15574.0,1080.0,3455.0,8230.0,-36.0,0.25750272331154683,0.4612164658590577,1.0356425854942366
pocus,POCUS,direct_flags,207,1152.0,7344.0,1116.0,4551.0,13629.0,1439.0,3399.0,6285.0,323.0,0.2661252149503428,0.5194168822696138,0.7919321793663268
intrapartum_sensors,Intrapartum sensors,direct_flags,207,1152.0,7344.0,1116.0,4578.0,15305.0,995.0,3426.0,7961.0,-121.0,0.26182656685036615,0.47074798630849757,1.1332855559377748
ai_intrapartum_sensors,AI Intrapartum sensors,direct_flags,207,1152.0,7344.0,1116.0,4554.0,15049.0,907.0,3402.0,7705.0,-209.0,0.2655984590975,0.4802434209533372,1.2491744919215249
diagnosis_base,Baseline,base,208,1152.0,7344.0,1116.0,4571.0,14169.0,927.0,3419.0,6825.0,-189.0,0.26290127403618446,0.5006843177303435,1.2012024717294325
pocus,POCUS,direct_flags,208,1152.0,7344.0,1116.0,4533.0,12478.0,1242.0,3381.0,5134.0,126.0,0.26909612387233867,0.5620613858862773,0.9079725125920777
intrapartum_sensors,Intrapartum sensors,direct_flags,208,1152.0,7344.0,1116.0,4543.0,13878.0,831.0,3391.0,6534.0,-285.0,0.2673909168410447,0.5125109536533519,1.355535355167708
ai_intrapartum_sensors,AI Intrapartum sensors,direct_flags,208,1152.0,7344.0,1116.0,4529.0,13728.0,795.0,3377.0,6384.0,-321.0,0.2697458978101561,0.5189299734402744,1.4193588047754715
diagnosis_base,Baseline,base,209,1152.0,7344.0,1116.0,4570.0,14229.0,946.0,3418.0,6885.0,-170.0,0.26303838229829274,0.4991862125801514,1.1756988979802445
pocus,POCUS,direct_flags,209,1152.0,7344.0,1116.0,4527.0,12629.0,1266.0,3375.0,5285.0,150.0,0.2701590172993626,0.5562524323056519,0.8901300189343667
intrapartum_sensors,Intrapartum sensors,direct_flags,209,1152.0,7344.0,1116.0,4544.0,13969.0,864.0,3392.0,6625.0,-252.0,0.2672573557563967,0.5097656572960181,1.2967491091878347
ai_intrapartum_sensors,AI Intrapartum sensors,direct_flags,209,1152.0,7344.0,1116.0,4521.0,13720.0,783.0,3369.0,6376.0,-333.0,0.27120908036029523,0.5205536048414954,1.4422525776692443
diagnosis_base,Baseline,base,210,1152.0,7344.0,1116.0,4564.0,14842.0,964.0,3412.0,7498.0,-152.0,0.26398567574558623,0.4836932122237282,1.163758217712036
pocus,POCUS,direct_flags,210,1152.0,7344.0,1116.0,4503.0,12973.0,1290.0,3351.0,5629.0,174.0,0.2744030673314561,0.5464290752344726,0.8879427537036233
intrapartum_sensors,Intrapartum sensors,direct_flags,210,1152.0,7344.0,1116.0,4534.0,14508.0,846.0,3382.0,7164.0,-270.0,0.26893024405971977,0.4969041624535289,1.3433836497561988
ai_intrapartum_sensors,AI Intrapartum sensors,direct_flags,210,1152.0,7344.0,1116.0,4520.0,14396.0,821.0,3368.0,7052.0,-295.0,0.27136306586754155,0.5012739036054057,1.3839269504097935
diagnosis_base,Baseline,base,211,1152.0,7344.0,1116.0,4533.0,13955.0,945.0,3381.0,6611.0,-171.0,0.26909967104979887,0.5115123444437764,1.180789460033526
pocus,POCUS,direct_flags,211,1152.0,7344.0,1116.0,4485.0,12282.0,1262.0,3333.0,4938.0,146.0,0.27773996895640113,0.5739452733384178,0.8969767048571397
intrapartum_sensors,Intrapartum sensors,direct_flags,211,1152.0,7344.0,1116.0,4504.0,13690.0,865.0,3352.0,6346.0,-251.0,0.27421513730656955,0.522971131104939,1.300241107839147
ai_intrapartum_sensors,AI Intrapartum sensors,direct_flags,211,1152.0,7344.0,1116.0,4481.0,13444.0,786.0,3329.0,6100.0,-330.0,0.2785524415080041,0.5341198415034972,1.4455260380505477
diagnosis_base,Baseline,base,212,1152.0,7344.0,1116.0,4539.0,13909.0,929.0,3387.0,6565.0,-187.0,0.2680957212958492,0.5125052617319888,1.2019354964207905
pocus,POCUS,direct_flags,212,1152.0,7344.0,1116.0,4495.0,12277.0,1238.0,3343.0,4933.0,122.0,0.2758643284938042,0.5734994269532686,0.9140652825435436
intrapartum_sensors,Intrapartum sensors,direct_flags,212,1152.0,7344.0,1116.0,4511.0,13628.0,833.0,3359.0,6284.0,-283.0,0.2729761166653749,0.5243743691987537,1.3568013708332336
ai_intrapartum_sensors,AI Intrapartum sensors,direct_flags,212,1152.0,7344.0,1116.0,4501.0,13532.0,803.0,3349.0,6188.0,-313.0,0.2747595305140062,0.5286842638692872,1.4065234533984534
diagnosis_base,Baseline,base,213,1152.0,7344.0,1116.0,4529.0,13978.0,966.0,3377.0,6634.0,-150.0,0.2697619093750807,0.5112010116916323,1.1584570767878302
pocus,POCUS,direct_flags,213,1152.0,7344.0,1116.0,4490.0,12385.0,1273.0,3338.0,5041.0,157.0,0.27677698769450687,0.5694686770507966,0.8882257537148841
intrapartum_sensors,Intrapartum sensors,direct_flags,213,1152.0,7344.0,1116.0,4507.0,13730.0,888.0,3355.0,6386.0,-228.0,0.2736848342762665,0.5216862275734937,1.2678778918974996
ai_intrapartum_sensors,AI Intrapartum sensors,direct_flags,213,1152.0,7344.0,1116.0,4492.0,13530.0,820.0,3340.0,6186.0,-296.0,0.27646407596855166,0.5304986548110208,1.377398484322504
diagnosis_base,Baseline,base,214,1152.0,7344.0,1116.0,4513.0,13536.0,929.0,3361.0,6192.0,-187.0,0.27254343843378365,0.5269066036698153,1.2005829183525263
pocus,POCUS,direct_flags,214,1152.0,7344.0,1116.0,4466.0,11977.0,1234.0,3314.0,4633.0,118.0,0.28151000628622114,0.588230104403225,0.9137070960440526
intrapartum_sensors,Intrapartum sensors,direct_flags,214,1152.0,7344.0,1116.0,4486.0,13288.0,847.0,3334.0,5944.0,-269.0,0.2775501175437236,0.538025886352983,1.3238577304141028
ai_intrapartum_sensors,AI Intrapartum sensors,direct_flags,214,1152.0,7344.0,1116.0,4467.0,13083.0,782.0,3315.0,5739.0,-334.0,0.2812652580795164,0.5478246773344123,1.4450252679419346
diagnosis_base,Baseline,base,215,1152.0,7344.0,1116.0,4535.0,14366.0,946.0,3383.0,7022.0,-170.0,0.26875958541080025,0.5001827362337772,1.1882768604517828
pocus,POCUS,direct_flags,215,1152.0,7344.0,1116.0,4479.0,12595.0,1266.0,3327.0,5251.0,150.0,0.27895273063111936,0.5627319658570084,0.9020332224136572
intrapartum_sensors,Intrapartum sensors,direct_flags,215,1152.0,7344.0,1116.0,4504.0,14058.0,837.0,3352.0,6714.0,-279.0,0.2742128499401517,0.5128585003750135,1.360975818390034
ai_intrapartum_sensors,AI Intrapartum sensors,direct_flags,215,1152.0,7344.0,1116.0,4502.0,14020.0,826.0,3350.0,6676.0,-290.0,0.27456510436849313,0.5143485970148145,1.3740793860279155
diagnosis_base,Baseline,base,216,1152.0,7344.0,1116.0,4572.0,14694.0,954.0,3420.0,7350.0,-162.0,0.2627362262775377,0.48658955708720253,1.175837896074609
pocus,POCUS,direct_flags,216,1152.0,7344.0,1116.0,4519.0,12911.0,1283.0,3367.0,5567.0,167.0,0.271468742196044,0.546732247686448,0.8891862465232031
intrapartum_sensors,Intrapartum sensors,direct_flags,216,1152.0,7344.0,1116.0,4541.0,14385.0,857.0,3389.0,7041.0,-259.0,0.2677540098671812,0.49868043250636834,1.3231808927274613
ai_intrapartum_sensors,AI Intrapartum sensors,direct_flags,216,1152.0,7344.0,1116.0,4520.0,14203.0,802.0,3368.0,6859.0,-314.0,0.27131887394834964,0.5061249873065301,1.417264947289457
diagnosis_base,Baseline,base,217,1152.0,7344.0,1116.0,4595.0,14907.0,1012.0,3443.0,7563.0,-104.0,0.2592016391076848,0.47864581319697425,1.0995611646217942
pocus,POCUS,direct_flags,217,1152.0,7344.0,1116.0,4536.0,13103.0,1346.0,3384.0,5759.0,230.0,0.2686365673258256,0.5381771065392638,0.839865050855389
intrapartum_sensors,Intrapartum sensors,direct_flags,217,1152.0,7344.0,1116.0,4567.0,14661.0,937.0,3415.0,7317.0,-179.0,0.26349655391286536,0.48790608180741807,1.1935507682605204
ai_intrapartum_sensors,AI Intrapartum sensors,direct_flags,217,1152.0,7344.0,1116.0,4528.0,14280.0,810.0,3376.0,6936.0,-306.0,0.2699645911538495,0.5031838512683323,1.399764428563448
diagnosis_base,Baseline,base,218,1152.0,7344.0,1116.0,4594.0,14756.0,1007.0,3442.0,7412.0,-109.0,0.2593622912127814,0.4823486730594316,1.100659089171731
pocus,POCUS,direct_flags,218,1152.0,7344.0,1116.0,4538.0,12926.0,1338.0,3386.0,5582.0,222.0,0.26829840307461794,0.5444537601813594,0.8410546880655576
intrapartum_sensors,Intrapartum sensors,direct_flags,218,1152.0,7344.0,1116.0,4564.0,14488.0,924.0,3412.0,7144.0,-192.0,0.2639842908136457,0.49290076447591363,1.2087577160493828
ai_intrapartum_sensors,AI Intrapartum sensors,direct_flags,218,1152.0,7344.0,1116.0,4535.0,14195.0,816.0,3383.0,6851.0,-300.0,0.26875795962113097,0.5048447184836916,1.3842051421708286
diagnosis_base,Baseline,base,219,1152.0,7344.0,1116.0,4541.0,14478.0,928.0,3389.0,7134.0,-188.0,0.2677575570446414,0.4961824574651741,1.2132264552994687
pocus,POCUS,direct_flags,219,1152.0,7344.0,1116.0,4481.0,12660.0,1267.0,3329.0,5316.0,151.0,0.2784947998742756,0.5599138140164338,0.9048596878608957
intrapartum_sensors,Intrapartum sensors,direct_flags,219,1152.0,7344.0,1116.0,4507.0,14136.0,815.0,3355.0,6792.0,-301.0,0.27371493601832475,0.5103282269943255,1.3997707879448076
ai_intrapartum_sensors,AI Intrapartum sensors,direct_flags,219,1152.0,7344.0,1116.0,4508.0,14109.0,810.0,3356.0,6765.0,-306.0,0.27351858848502064,0.5114896422161402,1.407523372596902
diagnosis_base,Baseline,base,220,1152.0,7344.0,1116.0,4551.0,14154.0,992.0,3399.0,6810.0,-124.0,0.2660756529986069,0.5037701435172581,1.121070309215304
pocus,POCUS,direct_flags,220,1152.0,7344.0,1116.0,4498.0,12390.0,1309.0,3346.0,5046.0,193.0,0.2754044059686643,0.5683964136528321,0.8581162597466946
intrapartum_sensors,Intrapartum sensors,direct_flags,220,1152.0,7344.0,1116.0,4524.0,13901.0,908.0,3372.0,6557.0,-208.0,0.2706787773299922,0.5143465492823266,1.2353349673202614
ai_intrapartum_sensors,AI Intrapartum sensors,direct_flags,220,1152.0,7344.0,1116.0,4505.0,13674.0,836.0,3353.0,6330.0,-280.0,0.2740508129031147,0.5242792391249017,1.3491755498495694
diagnosis_base,Baseline,base,221,1152.0,7344.0,1116.0,4527.0,14070.0,940.0,3375.0,6726.0,-176.0,0.2701141638034221,0.5089129781688033,1.1885847004493806
pocus,POCUS,direct_flags,221,1152.0,7344.0,1116.0,4476.0,12348.0,1257.0,3324.0,5004.0,141.0,0.2795840437624325,0.5723899047532659,0.9033665710296144
intrapartum_sensors,Intrapartum sensors,direct_flags,221,1152.0,7344.0,1116.0,4498.0,13776.0,842.0,3346.0,6432.0,-274.0,0.2753199352863675,0.5214500283588821,1.3392363355598649
ai_intrapartum_sensors,AI Intrapartum sensors,direct_flags,221,1152.0,7344.0,1116.0,4489.0,13667.0,810.0,3337.0,6323.0,-306.0,0.27697141384001994,0.5261601734806606,1.3950813053141486
diagnosis_base,Baseline,base,222,1152.0,7344.0,1116.0,4621.0,15506.0,1045.0,3469.0,8162.0,-71.0,0.2554714238496918,0.46113828407350965,1.0662653365439743
pocus,POCUS,direct_flags,222,1152.0,7344.0,1116.0,4561.0,13582.0,1419.0,3409.0,6238.0,303.0,0.2644985822790242,0.5199825282460313,0.7991459873102386
intrapartum_sensors,Intrapartum sensors,direct_flags,222,1152.0,7344.0,1116.0,4588.0,15223.0,955.0,3436.0,7879.0,-161.0,0.260265507695708,0.4713230652556575,1.1770867971945114
ai_intrapartum_sensors,AI Intrapartum sensors,direct_flags,222,1152.0,7344.0,1116.0,4556.0,14877.0,841.0,3404.0,7533.0,-275.0,0.26526029484629227,0.48421698864548823,1.3503799668015353
diagnosis_base,Baseline,base,223,1152.0,7344.0,1116.0,4550.0,14524.0,977.0,3398.0,7180.0,-139.0,0.2662501544231084,0.4937089588882613,1.1479037667698657
pocus,POCUS,direct_flags,223,1152.0,7344.0,1116.0,4499.0,12754.0,1298.0,3347.0,5410.0,182.0,0.2751578982493304,0.5546974034988705,0.8791798121810199
intrapartum_sensors,Intrapartum sensors,direct_flags,223,1152.0,7344.0,1116.0,4523.0,14251.0,879.0,3371.0,6907.0,-237.0,0.2707744807409129,0.5046015657362523,1.2863043365494344
ai_intrapartum_sensors,AI Intrapartum sensors,direct_flags,223,1152.0,7344.0,1116.0,4498.0,14003.0,795.0,3346.0,6659.0,-321.0,0.27529971496723415,0.5152440056747756,1.4349381668621863
diagnosis_base,Baseline,base,224,1152.0,7344.0,1116.0,4566.0,14757.0,1022.0,3414.0,7413.0,-94.0,0.2636917034135704,0.48551520748740834,1.0929837700187288
pocus,POCUS,direct_flags,224,1152.0,7344.0,1116.0,4515.0,12942.0,1353.0,3363.0,5598.0,237.0,0.27227409927857493,0.5464365140981682,0.8357845891360385
intrapartum_sensors,Intrapartum sensors,direct_flags,224,1152.0,7344.0,1116.0,4543.0,14507.0,942.0,3391.0,7163.0,-174.0,0.2674318571808981,0.4952241510700149,1.192583992661392
ai_intrapartum_sensors,AI Intrapartum sensors,direct_flags,224,1152.0,7344.0,1116.0,4523.0,14284.0,865.0,3371.0,6940.0,-251.0,0.27082672418989556,0.5043112787413316,1.3038025858491542
diagnosis_base,Baseline,base,225,1152.0,7344.0,1116.0,4600.0,15273.0,1026.0,3448.0,7929.0,-90.0,0.2584759347708694,0.4689221525757829,1.087330390245767
pocus,POCUS,direct_flags,225,1152.0,7344.0,1116.0,4542.0,13335.0,1383.0,3390.0,5991.0,267.0,0.2675922684282659,0.5301698145181842,0.8219127323293989
intrapartum_sensors,Intrapartum sensors,direct_flags,225,1152.0,7344.0,1116.0,4566.0,14965.0,926.0,3414.0,7621.0,-190.0,0.263646126562438,0.4803149148454397,1.2151211873638343
ai_intrapartum_sensors,AI Intrapartum sensors,direct_flags,225,1152.0,7344.0,1116.0,4556.0,14826.0,880.0,3404.0,7482.0,-236.0,0.26527438502342593,0.4854988925990333,1.281672437493516
diagnosis_base,Baseline,base,226,1152.0,7344.0,1116.0,4586.0,15011.0,1034.0,3434.0,7667.0,-82.0,0.260563027205184,0.4767081062849648,1.0818567558602388
pocus,POCUS,direct_flags,226,1152.0,7344.0,1116.0,4527.0,13129.0,1374.0,3375.0,5785.0,258.0,0.2701708201100784,0.5382402502841582,0.8255509866319044
intrapartum_sensors,Intrapartum sensors,direct_flags,226,1152.0,7344.0,1116.0,4558.0,14747.0,945.0,3406.0,7403.0,-171.0,0.2649332100506085,0.48672915376653353,1.1901125874326337
ai_intrapartum_sensors,AI Intrapartum sensors,direct_flags,226,1152.0,7344.0,1116.0,4547.0,14611.0,903.0,3395.0,7267.0,-213.0,0.2667375957257671,0.49191657291281526,1.2440816604419545
diagnosis_base,Baseline,base,227,1152.0,7344.0,1116.0,4565.0,14344.0,979.0,3413.0,7000.0,-137.0,0.26383634395374234,0.4966838167477574,1.1380517094752132
pocus,POCUS,direct_flags,227,1152.0,7344.0,1116.0,4514.0,12615.0,1307.0,3362.0,5271.0,191.0,0.2724662380576703,0.5579779453711498,0.8595927723645115
intrapartum_sensors,Intrapartum sensors,direct_flags,227,1152.0,7344.0,1116.0,4535.0,14069.0,892.0,3383.0,6725.0,-224.0,0.268784514185729,0.507882878197478,1.2571486928104576
ai_intrapartum_sensors,AI Intrapartum sensors,direct_flags,227,1152.0,7344.0,1116.0,4520.0,13878.0,828.0,3368.0,6534.0,-288.0,0.2713852075744659,0.5159814598511192,1.3616696144269673
diagnosis_base,Baseline,base,228,1152.0,7344.0,1116.0,4633.0,15690.0,1081.0,3481.0,8346.0,-35.0,0.2538490750051207,0.4552867449933476,1.0294554127693962
pocus,POCUS,direct_flags,228,1152.0,7344.0,1116.0,4574.0,13786.0,1459.0,3422.0,6442.0,343.0,0.26256599460368285,0.512398852807111,0.7766981131983526
intrapartum_sensors,Intrapartum sensors,direct_flags,228,1152.0,7344.0,1116.0,4607.0,15417.0,992.0,3455.0,8073.0,-124.0,0.25749540295700424,0.4647136747147285,1.1305612888430225
ai_intrapartum_sensors,AI Intrapartum sensors,direct_flags,228,1152.0,7344.0,1116.0,4585.0,15197.0,920.0,3433.0,7853.0,-196.0,0.26077678843947666,0.4724930113901039,1.2240470798455834
diagnosis_base,Baseline,base,229,1152.0,7344.0,1116.0,4585.0,14687.0,989.0,3433.0,7343.0,-127.0,0.2607347587658045,0.4853135363719778,1.1268455213469404
pocus,POCUS,direct_flags,229,1152.0,7344.0,1116.0,4530.0,12838.0,1306.0,3378.0,5494.0,190.0,0.2696482730114444,0.5488009485331824,0.8664403028533463
intrapartum_sensors,Intrapartum sensors,direct_flags,229,1152.0,7344.0,1116.0,4555.0,14393.0,886.0,3403.0,7049.0,-230.0,0.26542233188332937,0.49691110863217997,1.2670048111837326
ai_intrapartum_sensors,AI Intrapartum sensors,direct_flags,229,1152.0,7344.0,1116.0,4531.0,14201.0,825.0,3379.0,6857.0,-291.0,0.26948902304241185,0.5049231140599468,1.3732712458202654
diagnosis_base,Baseline,base,230,1152.0,7344.0,1116.0,4583.0,15218.0,1020.0,3431.0,7874.0,-96.0,0.261011745153902,0.47235630345623153,1.0989781438891346
pocus,POCUS,direct_flags,230,1152.0,7344.0,1116.0,4522.0,13316.0,1372.0,3370.0,5972.0,256.0,0.2710498303912626,0.5329877517561074,0.8355923084787819
intrapartum_sensors,Intrapartum sensors,direct_flags,230,1152.0,7344.0,1116.0,4555.0,14919.0,927.0,3403.0,7575.0,-189.0,0.2654347962707937,0.4835236982676666,1.2179107900470132
ai_intrapartum_sensors,AI Intrapartum sensors,direct_flags,230,1152.0,7344.0,1116.0,4533.0,14730.0,866.0,3381.0,7386.0,-250.0,0.26910829266168146,0.4911293472439635,1.3154048656499637
diagnosis_base,Baseline,base,231,1152.0,7344.0,1116.0,4606.0,15199.0,1029.0,3454.0,7855.0,-87.0,0.25766337541664336,0.4698460288659834,1.0824145740167412
pocus,POCUS,direct_flags,231,1152.0,7344.0,1116.0,4538.0,13247.0,1377.0,3386.0,5903.0,261.0,0.2683374220266803,0.5333438537905771,0.82685891783114
intrapartum_sensors,Intrapartum sensors,direct_flags,231,1152.0,7344.0,1116.0,4577.0,14912.0,932.0,3425.0,7568.0,-184.0,0.26201214773039155,0.480314870951875,1.2028730936819172
ai_intrapartum_sensors,AI Intrapartum sensors,direct_flags,231,1152.0,7344.0,1116.0,4568.0,14850.0,914.0,3416.0,7506.0,-202.0,0.2634125547799532,0.4829264206701907,1.2295456608569355
diagnosis_base,Baseline,base,232,1152.0,7344.0,1116.0,4546.0,13838.0,920.0,3394.0,6494.0,-196.0,0.2669812178443892,0.5134127253350954,1.2074116220562299
pocus,POCUS,direct_flags,232,1152.0,7344.0,1116.0,4492.0,12150.0,1210.0,3340.0,4806.0,94.0,0.2765215346129668,0.5788534243673271,0.9341179553136073
intrapartum_sensors,Intrapartum sensors,direct_flags,232,1152.0,7344.0,1116.0,4518.0,13560.0,832.0,3366.0,6216.0,-284.0,0.27177810674453895,0.5253528415845419,1.3466910767155864
ai_intrapartum_sensors,AI Intrapartum sensors,direct_flags,232,1152.0,7344.0,1116.0,4506.0,13421.0,783.0,3354.0,6077.0,-333.0,0.27393296778526954,0.531285176660703,1.4316154524487859
diagnosis_base,Baseline,base,233,1152.0,7344.0,1116.0,4536.0,14167.0,948.0,3384.0,6823.0,-168.0,0.2686666690678839,0.5056701601309589,1.1773652199671292
pocus,POCUS,direct_flags,233,1152.0,7344.0,1116.0,4481.0,12449.0,1266.0,3329.0,5105.0,150.0,0.2786851087602366,0.568228467561647,0.900617448171796
intrapartum_sensors,Intrapartum sensors,direct_flags,233,1152.0,7344.0,1116.0,4505.0,13878.0,857.0,3353.0,6534.0,-259.0,0.27412739393078267,0.5177283884820524,1.3165035921776118
ai_intrapartum_sensors,AI Intrapartum sensors,direct_flags,233,1152.0,7344.0,1116.0,4484.0,13626.0,779.0,3332.0,6282.0,-337.0,0.27803311783650664,0.5287981546087344,1.4529850936100936
diagnosis_base,Baseline,base,234,1152.0,7344.0,1116.0,4641.0,15722.0,1066.0,3489.0,8378.0,-50.0,0.25278580885804236,0.4539894722664757,1.0470509061324333
pocus,POCUS,direct_flags,234,1152.0,7344.0,1116.0,4577.0,13835.0,1433.0,3425.0,6491.0,317.0,0.26214859363374565,0.5107635506330476,0.7972404963065882
intrapartum_sensors,Intrapartum sensors,direct_flags,234,1152.0,7344.0,1116.0,4609.0,15422.0,969.0,3457.0,8078.0,-147.0,0.2572283089399102,0.4642786984121454,1.1634883948706187
ai_intrapartum_sensors,AI Intrapartum sensors,direct_flags,234,1152.0,7344.0,1116.0,4591.0,15247.0,913.0,3439.0,7903.0,-203.0,0.25987194616688075,0.4705286695835578,1.2385059189367753
diagnosis_base,Baseline,base,235,1152.0,7344.0,1116.0,4575.0,15114.0,1012.0,3423.0,7770.0,-104.0,0.26230021357401295,0.4759831566159271,1.1060115907961625
pocus,POCUS,direct_flags,235,1152.0,7344.0,1116.0,4509.0,13208.0,1365.0,3357.0,5864.0,249.0,0.2734433094966982,0.5378795798105188,0.8411464508384798
intrapartum_sensors,Intrapartum sensors,direct_flags,235,1152.0,7344.0,1116.0,4541.0,14797.0,907.0,3389.0,7453.0,-209.0,0.2677681000443149,0.4880334293880526,1.2474767221703498
ai_intrapartum_sensors,AI Intrapartum sensors,direct_flags,235,1152.0,7344.0,1116.0,4531.0,14679.0,868.0,3379.0,7335.0,-248.0,0.26949257021987205,0.49282276248129403,1.312788541342463
diagnosis_base,Baseline,base,236,1152.0,7344.0,1116.0,4622.0,14770.0,989.0,3470.0,7426.0,-127.0,0.2554205770627339,0.479193813706553,1.1209450129954517
pocus,POCUS,direct_flags,236,1152.0,7344.0,1116.0,4565.0,12959.0,1320.0,3413.0,5615.0,204.0,0.2639054646478631,0.5412363678253588,0.8514511856903161
intrapartum_sensors,Intrapartum sensors,direct_flags,236,1152.0,7344.0,1116.0,4592.0,14491.0,904.0,3440.0,7147.0,-212.0,0.2596879910765247,0.4896199176830272,1.2348745979873432
ai_intrapartum_sensors,AI Intrapartum sensors,direct_flags,236,1152.0,7344.0,1116.0,4571.0,14289.0,837.0,3419.0,6945.0,-279.0,0.2629375231243659,0.4975657056452955,1.3440207101359063
diagnosis_base,Baseline,base,237,1152.0,7344.0,1116.0,4616.0,14977.0,1034.0,3464.0,7633.0,-82.0,0.25625692111767706,0.47439131053059785,1.0743333858884685
pocus,POCUS,direct_flags,237,1152.0,7344.0,1116.0,4564.0,13157.0,1366.0,3412.0,5813.0,250.0,0.26406286517362104,0.534382610483096,0.825204876533379
intrapartum_sensors,Intrapartum sensors,direct_flags,237,1152.0,7344.0,1116.0,4593.0,14737.0,958.0,3441.0,7393.0,-158.0,0.25955088281441646,0.4831933878756279,1.1646947741084739
ai_intrapartum_sensors,AI Intrapartum sensors,direct_flags,237,1152.0,7344.0,1116.0,4568.0,14477.0,870.0,3416.0,7133.0,-246.0,0.26343019213454705,0.493147702141093,1.2916348946986203
diagnosis_base,Baseline,base,238,1152.0,7344.0,1116.0,4587.0,14408.0,1013.0,3435.0,7064.0,-103.0,0.26054269193122553,0.49272512749732655,1.0944396391410065
pocus,POCUS,direct_flags,238,1152.0,7344.0,1116.0,4521.0,12579.0,1324.0,3369.0,5235.0,208.0,0.2712372607145625,0.5589928816080979,0.8499844760714326
intrapartum_sensors,Intrapartum sensors,direct_flags,238,1152.0,7344.0,1116.0,4560.0,14169.0,930.0,3408.0,6825.0,-186.0,0.26470318544558386,0.502089283210592,1.1979302832244008
ai_intrapartum_sensors,AI Intrapartum sensors,direct_flags,238,1152.0,7344.0,1116.0,4545.0,13997.0,876.0,3393.0,6653.0,-240.0,0.2671608922360201,0.5092208643691402,1.279136515717398
diagnosis_base,Baseline,base,239,1152.0,7344.0,1116.0,4597.0,15024.0,1014.0,3445.0,7680.0,-102.0,0.25897336619523315,0.47565951753285685,1.0995528035775712
pocus,POCUS,direct_flags,239,1152.0,7344.0,1116.0,4534.0,13221.0,1349.0,3382.0,5877.0,233.0,0.26899495189616673,0.5347941692331374,0.8453205890102025
intrapartum_sensors,Intrapartum sensors,direct_flags,239,1152.0,7344.0,1116.0,4563.0,14736.0,918.0,3411.0,7392.0,-198.0,0.2641653501372171,0.4863727976335465,1.2246711720750676
ai_intrapartum_sensors,AI Intrapartum sensors,direct_flags,239,1152.0,7344.0,1116.0,4551.0,14589.0,873.0,3399.0,7245.0,-243.0,0.2661569424820704,0.4922180834043179,1.2915694055399938
diagnosis_base,Baseline,base,240,1152.0,7344.0,1116.0,4642.0,15828.0,1086.0,3490.0,8484.0,-30.0,0.2526174748151872,0.4517544702355769,1.028205720530282
pocus,POCUS,direct_flags,240,1152.0,7344.0,1116.0,4572.0,13947.0,1451.0,3420.0,6603.0,335.0,0.262940407943072,0.5075825261345908,0.7886466573727109
intrapartum_sensors,Intrapartum sensors,direct_flags,240,1152.0,7344.0,1116.0,4611.0,15542.0,990.0,3459.0,8198.0,-126.0,0.2569166992533005,0.46153484930371913,1.1369998901119902
ai_intrapartum_sensors,AI Intrapartum sensors,direct_flags,240,1152.0,7344.0,1116.0,4598.0,15409.0,946.0,3446.0,8065.0,-170.0,0.2588097033685269,0.46609529656522053,1.1910246579138477
diagnosis_base,Baseline,base,241,1152.0,7344.0,1116.0,4561.0,14174.0,976.0,3409.0,6830.0,-140.0,0.2645159787758893,0.502073114677215,1.1373436484730344
pocus,POCUS,direct_flags,241,1152.0,7344.0,1116.0,4495.0,12412.0,1293.0,3343.0,5068.0,177.0,0.2759127291672049,0.5676647823166474,0.8729631781262216
intrapartum_sensors,Intrapartum sensors,direct_flags,241,1152.0,7344.0,1116.0,4533.0,13903.0,887.0,3381.0,6559.0,-229.0,0.2691569889332038,0.5133992988787119,1.2612628384687208
ai_intrapartum_sensors,AI Intrapartum sensors,direct_flags,241,1152.0,7344.0,1116.0,4519.0,13772.0,845.0,3367.0,6428.0,-271.0,0.2715613347886366,0.518990437729279,1.3282111384439816
diagnosis_base,Baseline,base,242,1152.0,7344.0,1116.0,4599.0,14981.0,1020.0,3447.0,7637.0,-96.0,0.2586241224885016,0.4760565110842644,1.0921027548446278
pocus,POCUS,direct_flags,242,1152.0,7344.0,1116.0,4534.0,13129.0,1359.0,3382.0,5785.0,243.0,0.26897310578736405,0.5375447875396264,0.8339306359233896
intrapartum_sensors,Intrapartum sensors,direct_flags,242,1152.0,7344.0,1116.0,4572.0,14706.0,929.0,3420.0,7362.0,-187.0,0.2626958223935348,0.4862093025958711,1.209069190541714
ai_intrapartum_sensors,AI Intrapartum sensors,direct_flags,242,1152.0,7344.0,1116.0,4558.0,14561.0,880.0,3406.0,7217.0,-236.0,0.26498631917980453,0.49199308648423556,1.2834020645295157
diagnosis_base,Baseline,base,243,1152.0,7344.0,1116.0,4561.0,14094.0,952.0,3409.0,6750.0,-164.0,0.2645110466664885,0.5039092362722267,1.1639157978006016
pocus,POCUS,direct_flags,243,1152.0,7344.0,1116.0,4508.0,12401.0,1258.0,3356.0,5057.0,142.0,0.2735951695126887,0.5672946439546465,0.8958230175621481
intrapartum_sensors,Intrapartum sensors,direct_flags,243,1152.0,7344.0,1116.0,4536.0,13830.0,872.0,3384.0,6486.0,-244.0,0.2686474059236208,0.5149445965747211,1.2795967852953147
ai_intrapartum_sensors,AI Intrapartum sensors,direct_flags,243,1152.0,7344.0,1116.0,4496.0,13445.0,749.0,3344.0,6101.0,-367.0,0.2756862798918425,0.5320896698217825,1.5060668498168497
diagnosis_base,Baseline,base,244,1152.0,7344.0,1116.0,4641.0,15293.0,1058.0,3489.0,7949.0,-58.0,0.2527041319851777,0.46408570333975263,1.047502914421129
pocus,POCUS,direct_flags,244,1152.0,7344.0,1116.0,4573.0,13412.0,1392.0,3421.0,6068.0,276.0,0.26261043832868214,0.5244118041254185,0.8121339822728711
intrapartum_sensors,Intrapartum sensors,direct_flags,244,1152.0,7344.0,1116.0,4613.0,15025.0,963.0,3461.0,7681.0,-153.0,0.25660251755022995,0.47350136228360756,1.159136949126629
ai_intrapartum_sensors,AI Intrapartum sensors,direct_flags,244,1152.0,7344.0,1116.0,4594.0,14875.0,916.0,3442.0,7531.0,-200.0,0.2593872199877102,0.47899304324442077,1.219943718228032
diagnosis_base,Baseline,base,245,1152.0,7344.0,1116.0,4516.0,14001.0,925.0,3364.0,6657.0,-191.0,0.27213390835034057,0.512594551238525,1.211923889926341
pocus,POCUS,direct_flags,245,1152.0,7344.0,1116.0,4454.0,12284.0,1230.0,3302.0,4940.0,114.0,0.2840091828343107,0.5777910914008748,0.9314204414747892
intrapartum_sensors,Intrapartum sensors,direct_flags,245,1152.0,7344.0,1116.0,4488.0,13674.0,811.0,3336.0,6330.0,-305.0,0.2772599879872898,0.52681354054593,1.39891975308642
ai_intrapartum_sensors,AI Intrapartum sensors,direct_flags,245,1152.0,7344.0,1116.0,4475.0,13595.0,788.0,3323.0,6251.0,-328.0,0.2797505640376484,0.5302916571272773,1.4390304911138243
diagnosis_base,Baseline,base,246,1152.0,7344.0,1116.0,4560.0,14541.0,974.0,3408.0,7197.0,-142.0,0.2646389968608639,0.4917725749379229,1.1484984417743707
pocus,POCUS,direct_flags,246,1152.0,7344.0,1116.0,4490.0,12661.0,1287.0,3338.0,5317.0,171.0,0.27688751323981503,0.5589719768293205,0.8871464083420606
intrapartum_sensors,Intrapartum sensors,direct_flags,246,1152.0,7344.0,1116.0,4533.0,14247.0,868.0,3381.0,6903.0,-248.0,0.2690695693077407,0.5034143458894502,1.3027058045440398
ai_intrapartum_sensors,AI Intrapartum sensors,direct_flags,246,1152.0,7344.0,1116.0,4514.0,14063.0,815.0,3362.0,6719.0,-301.0,0.2723474568791065,0.5111989635061638,1.3914776558771655
diagnosis_base,Baseline,base,247,1152.0,7344.0,1116.0,4581.0,14623.0,1007.0,3429.0,7279.0,-109.0,0.2613233548405117,0.487513448289038,1.1061581479570384
pocus,POCUS,direct_flags,247,1152.0,7344.0,1116.0,4511.0,12802.0,1330.0,3359.0,5458.0,214.0,0.27297227388979306,0.5513692710946189,0.8529818555482807
intrapartum_sensors,Intrapartum sensors,direct_flags,247,1152.0,7344.0,1116.0,4551.0,14363.0,924.0,3399.0,7019.0,-192.0,0.26609402387446573,0.4976895991488583,1.2146653568834942
ai_intrapartum_sensors,AI Intrapartum sensors,direct_flags,247,1152.0,7344.0,1116.0,4543.0,14281.0,899.0,3391.0,6937.0,-217.0,0.26742831000343786,0.5010982043895472,1.249419351073763
diagnosis_base,Baseline,base,248,1152.0,7344.0,1116.0,4572.0,14180.0,921.0,3420.0,6836.0,-195.0,0.2627362262775377,0.5007312136574426,1.204414358335927
pocus,POCUS,direct_flags,248,1152.0,7344.0,1116.0,4504.0,12407.0,1221.0,3352.0,5063.0,105.0,0.27426921064868637,0.5670674310822722,0.9292348955392433
intrapartum_sensors,Intrapartum sensors,direct_flags,248,1152.0,7344.0,1116.0,4541.0,13863.0,815.0,3389.0,6519.0,-301.0,0.26773991969004757,0.5140047481586182,1.377656101614435
ai_intrapartum_sensors,AI Intrapartum sensors,direct_flags,248,1152.0,7344.0,1116.0,4524.0,13780.0,794.0,3372.0,6436.0,-322.0,0.27065855701085884,0.517444563241564,1.4184494132410799
diagnosis_base,Baseline,base,249,1152.0,7344.0,1116.0,4546.0,14075.0,933.0,3394.0,6731.0,-183.0,0.2669245615377329,0.5066143901898275,1.1951255965349104
pocus,POCUS,direct_flags,249,1152.0,7344.0,1116.0,4485.0,12339.0,1240.0,3333.0,4995.0,124.0,0.2778268888802776,0.572067246673817,0.9164146139689618
intrapartum_sensors,Intrapartum sensors,direct_flags,249,1152.0,7344.0,1116.0,4514.0,13758.0,832.0,3362.0,6414.0,-284.0,0.27242367192814765,0.5199612459197226,1.3533123897707233
ai_intrapartum_sensors,AI Intrapartum sensors,direct_flags,249,1152.0,7344.0,1116.0,4502.0,13632.0,796.0,3350.0,6288.0,-320.0,0.27458907596855164,0.5253783929856701,1.419471153846154
diagnosis_base,Baseline,base,250,1152.0,7344.0,1116.0,4557.0,14297.0,969.0,3405.0,6953.0,-147.0,0.2651746699237108,0.4988948785930805,1.146486928104575
pocus,POCUS,direct_flags,250,1152.0,7344.0,1116.0,4490.0,12511.0,1281.0,3338.0,5167.0,165.0,0.27688266402300926,0.5644683342770009,0.885086300575431
intrapartum_sensors,Intrapartum sensors,direct_flags,250,1152.0,7344.0,1116.0,4527.0,13996.0,872.0,3375.0,6652.0,-244.0,0.2701954532868855,0.5112963419579608,1.282990649963689
ai_intrapartum_sensors,AI Intrapartum sensors,direct_flags,250,1152.0,7344.0,1116.0,4509.0,13805.0,815.0,3357.0,6461.0,-301.0,0.27335234269377495,0.5193786783212553,1.3791717541717543
