scenario,intervention,level,comparison_baseline,anc,initial_l45,final_l45,free_referral,self_referral,emergency_transfer,delay_lt1h_given_transfer,delay_1_2h_given_transfer,delay_2plus_given_transfer,iv_iron,pph_bundle,mgso4,antibiotics,oxytocin,iv_iron_given_anemia_anc,pph_bundle_given_pph,mgso4_given_eclampsia,antibiotics_given_sepsis,oxytocin_given_ol,pph,maternal_sepsis,eclampsia,obstructed_labor,aph,uterine_rupture,severe_complication,maternal_deaths_per_100k,facility_maternal_deaths_per_100k,neonatal_deaths_per_1000
mentors_base,MENTORS,base,overall_no_flags,0.0,0.0,0.0,0.0,0.0,0.0,0.0,0.0,0.0,0.0,0.0,0.0,0.0,0.0,0.0,0.0,0.0,0.0,0.0,0.0,0.0,0.0,0.0,0.0,0.0,0.0,0.0,0.0,0.0
mentors_current,MENTORS,current,overall_no_flags,0.0,0.0,-2.6157994285513908e-05,0.0,0.0,-0.0006139080043462489,0.0017963104035333965,-0.00048265467948427343,-0.0013136557240491509,0.041640307457040525,0.014790132399694154,0.0016372892269306619,0.03314117268300536,0.0175685138234939,0.3404855841551001,0.4938414455804295,0.17375961421108194,0.31392294423933875,0.0,-0.009101975934645255,-0.02907018391082135,-0.0011755000201215358,-0.0022988852670127527,0.0,0.0,-0.005859994365970463,-7.968127490039841,-8.455957619604497,-0.09919916294418218
mentors_moderate,MENTORS,moderate,overall_no_flags,0.0,0.0,-0.00014105195380098579,0.0,0.0,-0.0009769004788925048,0.002923387669862443,-0.0015075028863641426,-0.0014158847834983557,0.06147068292486619,0.017875166002656043,0.0027916616362831503,0.04424866191798463,0.025714113243993718,0.5028231322858031,0.6135980128120077,0.30187713261537735,0.4321660977958625,0.0,-0.011656605899633788,-0.03944243229103786,-0.001962050786751983,-0.003297114572014967,0.0,0.0,-0.007937743973600548,-10.121131635075855,-10.612251397882993,-0.14044830777898465
mentors_high,MENTORS,high,overall_no_flags,0.0,0.0,-0.0002408547627671398,0.0,0.0,-0.0013702764698780637,0.00304360028301659,-0.0014629401225215166,-0.0015806601604951842,0.08178840194776452,0.02100084510443076,0.0040162581995251325,0.05441064026721397,0.03342649603605778,0.668951105104642,0.7418887034507297,0.4435382585204897,0.5488300826715065,0.0,-0.014068775403436755,-0.049515674675037216,-0.0027548392289428155,-0.004293532938951267,0.0,0.0,-0.009970018914242023,-13.05887560867641,-13.708193566145418,-0.183910821361021
prompts_base,PROMPTS,base,overall_no_flags,0.0,0.0,0.0,0.0,0.0,0.0,0.0,0.0,0.0,0.0,0.0,0.0,0.0,0.0,0.0,0.0,0.0,0.0,0.0,0.0,0.0,0.0,0.0,0.0,0.0,0.0,0.0,0.0,0.0
prompts_current,PROMPTS,current,overall_no_flags,0.002001287778180094,0.0018908205561591895,0.0016447341945350358,0.0,0.0018908205561591895,-0.0002080566622399277,-0.0007592538120704262,0.001016721113443697,-0.00025746730137329865,0.00011710732826270692,0.0,4.829168175781492e-06,-1.0865628395508031e-05,2.0725180087728667e-05,0.00025576059057180744,0.0,0.0004843954582641752,1.250044259423766e-05,0.0,-2.7365286329426863e-05,-9.577850215299055e-05,0.0,3.8230914724941834e-05,-3.6218761318360104e-06,2.817014769205834e-06,-1.60972272526122e-06,-0.2615799428548442,-0.056950847547931005,-0.0018109380659172558
prompts_moderate,PROMPTS,moderate,overall_no_flags,0.05675922572336911,0.04046500865225955,0.035725180087729846,0.0,0.04046500865225955,-0.0076057386615155514,0.0014784773129840612,0.0008825902415465214,-0.0023610675545305826,0.003023662924061331,0.0,-5.634029538411668e-06,0.00015010664413054806,0.00024427542355829127,0.0011249426401219176,0.0,0.004234692136650231,0.0038994503591880114,0.0,-0.00033160288140367256,-0.002133285041651556,-0.00014225924584490394,0.0005084711658416841,-6.237675560381156e-06,1.609722725260548e-05,-0.0007964103183226712,-9.05469032959072,-3.8218796668276838,-0.4259728761720796
prompts_high,PROMPTS,high,overall_no_flags,0.20913638375789767,0.08225341060002411,0.04762505533421868,0.0,0.08225341060002411,-0.04536621191999678,,,,0.0109764980482112,0.0,-0.0001519175821964665,-0.0017545977705340238,0.0008764940239043822,0.0008544103469074193,0.0,0.0063866597705204975,0.0031643743575539562,0.0,-0.0047808764940239015,-0.0133765946315747,-0.0007553623888285239,0.004491126403477007,-0.00021509919916294293,-9.557728681234656e-05,-0.002067688840597208,-25.353132922854037,-13.949764372859324,-1.2177552416596242
prompts_high_shift,PROMPTS,high_shift,overall_no_flags,0.25643526902491043,0.16197150790776282,0.13410318322668913,0.0,0.16197150790776282,-0.034116865869853914,-0.03168875883817074,0.011647380861022016,0.020041377977148667,0.013426294820717131,0.0,-8.833353454867389e-05,-0.00014829570606463005,0.000621956617972555,0.0009885141214652227,0.0,0.01704850580794548,0.01665952026234141,0.0,-0.0028506177310958156,-0.012718016821602465,-0.000730612901927644,0.0018791500664010682,-0.0005320133606986181,-1.3481427824057514e-05,-0.001906515352730495,-26.66103263712825,-15.21571448658873,-1.6195822769527943
blood_base,Blood tracking,base,overall_no_flags,0.0,0.0,0.0,0.0,0.0,0.0,0.0,0.0,0.0,0.0,0.0,0.0,0.0,0.0,0.0,0.0,0.0,0.0,0.0,0.0,0.0,0.0,0.0,0.0,0.0,0.0,0.0,0.0,0.0
blood_current,Blood tracking,current,overall_no_flags,0.0,0.0,0.0,0.0,0.0,0.0,0.0,0.0,0.0,0.0,0.0,0.0,0.0,0.0,0.0,0.0,0.0,0.0,0.0,0.0,0.0,0.0,0.0,0.0,0.0,0.0,-2.5353132922854016,-2.690945377123917,0.0
blood_moderate,Blood tracking,moderate,overall_no_flags,0.0,0.0,0.0,0.0,0.0,0.0,0.0,0.0,0.0,0.0,0.0,0.0,0.0,0.0,0.0,0.0,0.0,0.0,0.0,0.0,0.0,0.0,0.0,0.0,0.0,0.0,-5.010261982373535,-5.317291229287541,0.0
blood_high,Blood tracking,high,overall_no_flags,0.0,0.0,0.0,0.0,0.0,0.0,0.0,0.0,0.0,0.0,0.0,0.0,0.0,0.0,0.0,0.0,0.0,0.0,0.0,0.0,0.0,0.0,0.0,0.0,0.0,0.0,-8.9742041933277,-9.522436879252279,0.0
referral_base,Transfer & EMT,base,overall_no_flags,0.0,0.0,0.0,0.0,0.0,0.0,0.0,0.0,0.0,0.0,0.0,0.0,0.0,0.0,0.0,0.0,0.0,0.0,0.0,0.0,0.0,0.0,0.0,0.0,0.0,0.0,0.0,0.0,0.0
referral_current,Transfer & EMT,current,overall_no_flags,0.0,0.0,0.0,0.0,0.0,0.0,0.0,0.0,0.0,0.0,0.0,0.0,0.0,0.0,0.0,0.0,0.0,0.0,0.0,0.0,0.0,0.0,0.0,0.0,0.0,0.0,0.0,0.0,0.0
referral_moderate,Transfer & EMT,moderate,overall_no_flags,0.0,0.0,0.0,0.0,0.0,0.0,0.09085294523565535,-0.03327487960946224,-0.05757806562619322,0.0,0.0,0.0,0.0,0.0,0.0,0.0,0.0,0.0,0.0,0.0,0.0,0.0,0.0,0.0,0.0,0.0,-1.3883858505372473,-1.4731590092112299,0.0
referral_high,Transfer & EMT,high,overall_no_flags,0.0,0.0,0.0,0.0,0.0,0.0,0.17449998402390182,-0.07046592271952656,-0.10403406130437533,0.0,0.0,0.0,0.0,0.0,0.0,0.0,0.0,0.0,0.0,0.0,0.0,0.0,0.0,0.0,0.0,0.0,-1.9517888043784524,-2.0709911534868013,0.0
pulse_base,PULSE,base,overall_no_flags,0.0,0.0,0.0,0.0,0.0,0.0,0.0,0.0,0.0,0.0,0.0,0.0,0.0,0.0,0.0,0.0,0.0,0.0,0.0,0.0,0.0,0.0,0.0,0.0,0.0,0.0,0.0,0.0,0.0
pulse_current,PULSE,current,overall_no_flags,0.0,0.0,-6.841321582462534e-06,0.0,0.0,-2.716407098876661e-05,0.000109459106545029,-0.00012826855548880856,1.880944894377956e-05,0.0,0.0,0.0,-0.00011630246690007631,0.0,0.0,0.0,0.0,5.17228734977504e-05,0.0,0.0,-0.0007863495512897695,0.0,0.0,0.0,0.0,-8.330315103223518e-05,-0.02012153406575834,-0.02133424359439573,-0.00020121534065697944
pulse_moderate,PULSE,moderate,overall_no_flags,0.0,0.0,-1.770694997793587e-05,0.0,0.0,-0.00037164473419453586,0.0013807158883774595,-0.0006513521142826328,-0.0007293637740948544,0.0,0.0,0.0,-0.0013256066642520822,0.0,0.0,0.0,0.0,0.0005960377545901618,0.0,0.0,-0.008856090788361692,0.0,0.0,0.0,0.0,-0.0012213771177914598,-0.9859551692221018,-0.17078946429451491,-0.004829168175780829
pulse_high,PULSE,high,overall_no_flags,0.0,0.0,-2.454827156017636e-05,0.0,0.0,-0.000671858022455625,0.002346295587858982,-0.0012461450324096623,-0.0011001505554493474,0.0,0.0,0.0,-0.0025141856815163576,0.0,0.0,0.0,0.0,0.0012641773546005486,0.0,0.0,-0.016679745663809392,0.0,0.0,0.0,0.0,-0.00234476236468268,-2.233490281299048,-0.8963374487214111,-0.00905469032959072
fqa_base,FQA,base,overall_no_flags,0.0,0.0,-6.841321582462534e-06,0.0,0.0,-0.000580707473137751,0.0017732463242300933,-0.000509513700114872,-0.0012637326241152769,0.03836613143386052,0.014248661917984627,0.0014233973198116623,0.030834641233047612,0.016283552658054652,0.31380818738962224,0.47377256232517695,0.15171976792215075,0.29377085850048795,0.0,-0.008686667471528027,-0.02790937261056782,-0.0010398808805183318,-0.0021584369592337685,0.0,0.0,-0.005579701396434461,-7.5858183427904535,-8.050217214274802,-0.08511408909815277
fqa_current,FQA,current,overall_no_flags,0.0,0.0,-7.042536923074216e-06,0.0,0.0,-0.0005811099038190645,0.0017714396262488163,-0.0005093204341734547,-0.0012621191920754726,0.03836613143386052,0.014268582236709727,0.0014318483641192802,0.03087045756368466,0.016299448669966597,0.31380818738962224,0.4744385343753478,0.1525130486190301,0.2941151543493926,0.0,-0.008696929453901561,-0.027948810817336703,-0.0010426978952875372,-0.0021612539740029704,0.0,0.0,-0.005589359732786028,-7.5858183427904535,-8.050217214274802,-0.08531530443880975
fqa_moderate,FQA,moderate,overall_no_flags,0.0,0.0,-2.696285564807166e-05,0.0,0.0,-0.0006177310958187382,0.001874909107415501,-0.0005859452198001547,-0.0012889638876154297,0.03836613143386052,0.014692341744134575,0.0015847720230190354,0.03249989939232967,0.017285001408507385,0.31380818738962224,0.48907500046146096,0.1670647871523095,0.30982974100138333,0.0,-0.008972393255261776,-0.029138798341985586,-0.0011215743088253058,-0.002267294458529516,0.0,0.0,-0.005833433941003663,-7.78703368344803,-8.263856452395501,-0.09839430158155338
fqa_high,FQA,high,overall_no_flags,0.0,0.0,-4.487102096661921e-05,0.0,0.0,-0.0006611936094007703,0.002037910759030037,-0.000765587758191355,-0.0012723230008387931,0.03836613143386052,0.015059962171515957,0.0017266288381826232,0.033856694434383675,0.018192281379532375,0.31380818738962224,0.5017809003859636,0.18062734845219403,0.32375480869359835,0.0,-0.009220290554951906,-0.0303802969938428,-0.0011919996780554564,-0.0023697130669242186,0.0,0.0,-0.006079319087287212,-7.867519819711056,-8.349283698619217,-0.1004064549881285
combined_base,All,base,overall_no_flags,0.0,0.0,0.0,0.0,0.0,0.0,0.0,0.0,0.0,0.0,0.0,0.0,0.0,0.0,0.0,0.0,0.0,0.0,0.0,0.0,0.0,0.0,0.0,0.0,0.0,0.0,0.0,0.0,0.0
combined_current,All,current,overall_no_flags,0.0021811742927280164,0.002007324238399888,0.0017107328262706556,0.0,0.002007324238399888,-0.0008760915932230634,0.0025809595850090905,0.0006846317355288511,-0.003265591320537914,0.04244355909694556,0.014887721839913074,0.0016598253450843094,0.03321964666586181,0.017880397601513137,0.34523225813227376,0.4978646893330197,0.1766558140699815,0.3188253666467266,0.0,-0.009202583604974043,-0.030210068815646487,-0.0012105114893959535,-0.002304921727232477,-3.6218761318360104e-06,2.817014769205834e-06,-0.0060247897299690115,-9.980280896615561,-10.368997011909979,-0.11086965270232163
combined_moderate,All,moderate,overall_no_flags,0.0873411404885508,0.061667270312688593,0.04643225079480062,0.0,0.061667270312688593,-0.025142862891866874,0.16386350952051282,-0.07220612410743038,-0.09165738541308258,0.08872530081693428,0.019395347901323995,0.0037418004748682038,0.04464022697090426,0.034612660469234176,0.6045519263730392,0.7319852378318882,0.4397063530184289,0.5530568689221265,0.0,-0.01515372852026238,-0.05724817900116704,-0.0029584691536882783,-0.0028150026157994293,-0.00013662521630648794,-8.451044307617936e-06,-0.011385568835768037,-31.349350074449674,-24.039612777960492,-0.9062738943217026
combined_high,All,high,overall_no_flags,0.22023904382470116,0.08225341060002411,0.04762505533421868,0.0,0.08225341060002411,-0.04536621191999678,,,,0.12519698981850377,0.017228459897782607,0.003682844380055535,0.03268079198358083,0.03868022858062699,0.6875183376853717,0.7597136765943061,0.49984714662379165,0.5937268929637718,0.0,-0.017934122097468707,-0.07039257112962291,-0.003683850456758824,-0.0008589882892671777,-0.0002229465974485853,-0.00010020523964747083,-0.013026681154171191,-38.39188699746469,-26.444898001819652,-1.4223912431083745
