scenario,intervention,level,pph,maternal_sepsis,eclampsia,obstructed_labor,severe_complication,maternal_deaths_per_100k,neonatal_deaths_per_1000
mentors_base,MENTORS,base,5.960402989388497,4.193546389198563,2.4798918204715306,5.008897972666088,4.506399933936166,54.998141954663694,6.402824228911186
mentors_current,MENTORS,current,4.439923200792766,2.8260869565217392,1.9580288203476612,4.927928485899501,3.8852553780090013,50.208513976629916,6.360708534621579
mentors_moderate,MENTORS,moderate,3.9258020562368388,2.362339485527891,1.7672901441017383,4.8234650481027295,3.665345389983071,49.11433172302737,6.239729138279863
mentors_high,MENTORS,high,3.4303026549403355,1.9347206738511087,1.5860687889673395,4.728002807712953,3.444052190429002,47.31822123126471,6.13402700359222
prompts_base,PROMPTS,base,5.960402989388497,4.193546389198563,2.4798918204715306,5.008897972666088,4.506399933936166,54.998141954663694,6.402824228911186
prompts_current,PROMPTS,current,5.948325694702507,4.1951360502085135,2.47673314339981,5.014823072794087,4.501094182253603,53.71815516743053,6.403443577356621
prompts_moderate,PROMPTS,moderate,5.953486931747801,4.094615797514348,2.414137660514472,5.056980056980057,4.47113836244271,50.18786902844874,6.101407985465957
prompts_high,PROMPTS,high,5.94017094017094,3.8564350303480737,2.3018291424088524,5.096432552954292,4.426586564267724,45.295016309509066,5.57103926669144
prompts_high_shift,PROMPTS,high_shift,5.920310500020645,3.8740864610429826,2.2434245840042943,5.112184648416532,4.411804781369999,38.3170238242702,5.391428217515174
blood_base,Blood tracking,base,5.960402989388497,4.193546389198563,2.4798918204715306,5.008897972666088,4.506399933936166,54.998141954663694,6.402824228911186
blood_current,Blood tracking,current,5.960402989388497,4.193546389198563,2.4798918204715306,5.008897972666088,4.506399933936166,53.160741566538675,6.402824228911186
blood_moderate,Blood tracking,moderate,5.960402989388497,4.193546389198563,2.4798918204715306,5.008897972666088,4.506399933936166,51.2614063338701,6.402824228911186
blood_high,Blood tracking,high,5.960402989388497,4.193546389198563,2.4798918204715306,5.008897972666088,4.506399933936166,48.68078781122259,6.402824228911186
referral_base,Transfer & EMT,base,5.960402989388497,4.193546389198563,2.4798918204715306,5.008897972666088,4.506399933936166,54.998141954663694,6.402824228911186
referral_current,Transfer & EMT,current,5.960402989388497,4.193546389198563,2.4798918204715306,5.008897972666088,4.506399933936166,54.79169247285189,6.402824228911186
referral_moderate,Transfer & EMT,moderate,5.960402989388497,4.193546389198563,2.4798918204715306,5.008897972666088,4.506399933936166,54.48201825013419,6.402824228911186
referral_high,Transfer & EMT,high,5.960402989388497,4.193546389198563,2.4798918204715306,5.008897972666088,4.506399933936166,53.82137990833643,6.402824228911186
pulse_base,PULSE,base,5.960402989388497,4.193546389198563,2.4798918204715306,5.008897972666088,4.506399933936166,54.998141954663694,6.402824228911186
pulse_current,PULSE,current,5.960402989388497,4.193546389198563,2.4798918204715306,5.008897972666088,4.506399933936166,54.998141954663694,6.402824228911186
pulse_moderate,PULSE,moderate,5.960402989388497,3.8418184070357984,2.4798918204715306,5.008897972666088,4.452991452991453,54.66782278376481,6.402411329947562
pulse_high,PULSE,high,5.960402989388497,3.5244436186465173,2.4798918204715306,5.008897972666088,4.402576489533011,54.605887939221276,6.401585532020315
fqa_base,FQA,base,4.5100540897642345,2.890416615054296,1.9847227383459267,4.944754118667162,3.916800858829844,50.60076799207234,6.3768115942028984
fqa_current,FQA,current,4.509414096370618,2.889859201453404,1.984619513605021,4.944423799496263,3.9165531194516703,50.60076799207234,6.3768115942028984
fqa_moderate,FQA,moderate,4.460320409595772,2.845410628019324,1.9698583756554768,4.930653619059417,3.89590817127049,50.58012304389116,6.361327883067014
fqa_high,FQA,high,4.416862793674388,2.8082084313968374,1.9556133614104627,4.918411164787976,3.8779057764565006,50.559478095709984,6.359263388248895
combined_base,All,base,5.960402989388497,4.193546389198563,2.4798918204715306,5.008897972666088,4.506399933936166,54.998141954663694,6.402824228911186
combined_current,All,current,4.4146744291671824,2.811036789297659,1.959866220735786,4.930715553903959,3.8765432098765427,46.82274247491639,6.354515050167224
combined_moderate,All,moderate,3.4749163879598663,1.7159874478715058,1.5296255006399935,4.787398323630208,3.4079854659564806,37.78025517155952,5.733927907840951
combined_high,All,high,3.19418638259218,1.225876378050291,1.3311449688261283,4.787522193319295,3.2494322639250175,30.492588463602956,5.314009661835748
