scenario,intervention,level,comparison_baseline,pph,maternal_sepsis,eclampsia,obstructed_labor,severe_complication,maternal_deaths_per_100k,neonatal_deaths_per_1000
mentors_base,MENTORS,base,overall_no_flags,0.0,0.0,0.0,0.0,0.0,0.0,0.0
mentors_current,MENTORS,current,overall_no_flags,-1.5204797885957313,-1.367459432676824,-0.5218630001238695,-0.08096948676658763,-0.6211445559271646,-4.789627978033778,-0.04211569428960704
mentors_moderate,MENTORS,moderate,overall_no_flags,-2.0346009331516584,-1.8312069036706717,-0.7126016763697923,-0.18543292456335916,-0.8410545439530945,-5.883810231636325,-0.1630950906313231
mentors_high,MENTORS,high,overall_no_flags,-2.530100334448161,-2.2588257153474545,-0.8938230315041911,-0.2808951649531356,-1.0623477435071638,-7.679920723398986,-0.26879722531896544
prompts_base,PROMPTS,base,overall_no_flags,0.0,0.0,0.0,0.0,0.0,0.0,0.0
prompts_current,PROMPTS,current,overall_no_flags,-0.012077294685990114,0.0015896610099506991,-0.003158677071720545,0.005925100127998628,-0.005305751682563309,-1.2799867872331632,0.0006193484454355414
prompts_moderate,PROMPTS,moderate,overall_no_flags,-0.006916057640695555,-0.09893059168421536,-0.06575415995705852,0.04808208431396899,-0.03526157149345566,-4.810272926214957,-0.301416243445229
prompts_high,PROMPTS,high,overall_no_flags,-0.020232049217556308,-0.33711135885048926,-0.17806267806267823,0.08753458028820382,-0.07981336966844249,-9.703125645154628,-0.8317849622197455
prompts_high_shift,PROMPTS,high_shift,overall_no_flags,-0.0400924893678517,-0.31945992815558055,-0.23646723646723633,0.10328667575044345,-0.09459515256616674,-16.681118130393493,-1.0113960113960117
blood_base,Blood tracking,base,overall_no_flags,0.0,0.0,0.0,0.0,0.0,0.0,0.0
blood_current,Blood tracking,current,overall_no_flags,0.0,0.0,0.0,0.0,0.0,-1.837400388125019,0.0
blood_moderate,Blood tracking,moderate,overall_no_flags,0.0,0.0,0.0,0.0,0.0,-3.7367356207935956,0.0
blood_high,Blood tracking,high,overall_no_flags,0.0,0.0,0.0,0.0,0.0,-6.317354143441108,0.0
referral_base,Transfer & EMT,base,overall_no_flags,0.0,0.0,0.0,0.0,0.0,0.0,0.0
referral_current,Transfer & EMT,current,overall_no_flags,0.0,0.0,0.0,0.0,0.0,-0.20644948181180212,0.0
referral_moderate,Transfer & EMT,moderate,overall_no_flags,0.0,0.0,0.0,0.0,0.0,-0.5161237045295053,0.0
referral_high,Transfer & EMT,high,overall_no_flags,0.0,0.0,0.0,0.0,0.0,-1.1767620463272621,0.0
pulse_base,PULSE,base,overall_no_flags,0.0,0.0,0.0,0.0,0.0,0.0,0.0
pulse_current,PULSE,current,overall_no_flags,0.0,0.0,0.0,0.0,0.0,0.0,0.0
pulse_moderate,PULSE,moderate,overall_no_flags,0.0,-0.3517279821627646,0.0,0.0,-0.053408480944712455,-0.33031917089888196,-0.00041289896362428635
pulse_high,PULSE,high,overall_no_flags,0.0,-0.6691027705520457,0.0,0.0,-0.10382344440315466,-0.39225401544241834,-0.0012386968908710827
fqa_base,FQA,base,overall_no_flags,-1.4503488996242626,-1.303129774144267,-0.49516908212560407,-0.06414385399892628,-0.5895990751063216,-4.397373962591352,-0.026012634708287408
fqa_current,FQA,current,overall_no_flags,-1.4509888930178794,-1.303687187745159,-0.4952723068665097,-0.06447417316982479,-0.5898468144844953,-4.397373962591352,-0.026012634708287408
fqa_moderate,FQA,moderate,overall_no_flags,-1.5000825797927249,-1.348135761179239,-0.5100334448160538,-0.07824435360667195,-0.6104917626656756,-4.418018910772531,-0.0414963458441715
fqa_high,FQA,high,overall_no_flags,-1.543540195714109,-1.3853379578017258,-0.5242784590610678,-0.09048680787811236,-0.628494157479665,-4.43866385895371,-0.043560840662291156
combined_base,All,base,overall_no_flags,0.0,0.0,0.0,0.0,0.0,0.0,0.0
combined_current,All,current,overall_no_flags,-1.5457285602213142,-1.382509599900904,-0.5200255997357448,-0.0781824187621287,-0.6298567240596229,-8.175399479747306,-0.04830917874396157
combined_moderate,All,moderate,overall_no_flags,-2.4854866014286303,-2.4775589413270573,-0.9502663198315373,-0.2214996490358806,-1.0984144679796852,-17.217886783104177,-0.6688963210702346
combined_high,All,high,overall_no_flags,-2.766216606796317,-2.967670011148272,-1.1487468516454025,-0.2213757793467934,-1.2569676700111485,-24.505553491060738,-1.0888145670754374
