scenario,intervention,level,anc,initial_l45,final_l45,free_referral,self_referral,emergency_transfer,delay_lt1h_given_transfer,delay_1_2h_given_transfer,delay_2plus_given_transfer,iv_iron,pph_bundle,mgso4,antibiotics,oxytocin,iv_iron_given_anemia_anc,pph_bundle_given_pph,mgso4_given_eclampsia,antibiotics_given_sepsis,oxytocin_given_ol,pph,maternal_sepsis,eclampsia,obstructed_labor,aph,uterine_rupture,severe_complication,maternal_deaths_per_100k,facility_maternal_deaths_per_100k,neonatal_deaths_per_1000
mentors_base,MENTORS,base,0.6904467566786407,0.6429375696767,0.693379784466741,0.0,0.6429375696767,0.06333436558074239,0.6379841745612415,0.28556807357413555,0.07644775186462298,0.032857880176720755,0.0,0.0,0.0,0.018357694372187126,0.24326967245260359,0.0,0.0,0.0,0.0,0.05960402989388497,0.04193546389198563,0.024798918204715307,0.05008897972666088,0.03095854494405219,0.00164643461744911,0.04506399933936166,54.998141954663694,34.60456114968233,6.402824228911186
mentors_current,MENTORS,current,0.6904467566786407,0.6429375696767,0.6933647136545688,0.0,0.6429375696767,0.06290907964821009,0.6356925504227443,0.28735620508318993,0.07695124449406573,0.07541083446880548,0.02437879350922829,0.009453734671125974,0.01587926834303646,0.024171931128452867,0.5584818350581574,0.42781375790068493,0.40071306467114953,0.4036654884483517,0.0,0.044399232007927655,0.02826086956521739,0.019580288203476612,0.04927928485899501,0.03095854494405219,0.00164643461744911,0.03885255378009001,50.208513976629916,29.89474605218579,6.360708534621579
mentors_moderate,MENTORS,moderate,0.6904467566786407,0.6429375696767,0.6933067013501796,0.0,0.6429375696767,0.062564721912548,0.634123658095718,0.288561023417019,0.07731531848726303,0.10028035839630042,0.031181510384408938,0.012257318634130227,0.02043271811387753,0.03208224947355382,0.742626373076403,0.5636007398401303,0.5355790958965377,0.5433533777594017,0.0,0.039258020562368386,0.023623394855278913,0.017672901441017384,0.04823465048102729,0.03095854494405219,0.00164643461744911,0.03665345389983071,49.11433172302737,28.79776677189404,6.239729138279863
mentors_high,MENTORS,high,0.6904467566786407,0.6429375696767,0.6932303150419092,0.0,0.6429375696767,0.06219146124943227,0.6326311041801094,0.28970416573339414,0.07766473008649648,0.12555885874726455,0.03792807300053677,0.014721499649035881,0.024338948759238616,0.04034807382633469,0.9299052789847541,0.7081937270989924,0.664864779095484,0.6784645499741667,0.0,0.034303026549403356,0.019347206738511088,0.015860687889673396,0.04728002807712953,0.03095854494405219,0.00164643461744911,0.03444052190429002,47.31822123126471,26.94792856901253,6.13402700359222
prompts_base,PROMPTS,base,0.6904467566786407,0.6429375696767,0.693379784466741,0.0,0.6429375696767,0.06333436558074239,0.6379841745612415,0.28556807357413555,0.07644775186462298,0.032857880176720755,0.0,0.0,0.0,0.018357694372187126,0.24326967245260359,0.0,0.0,0.0,0.0,0.05960402989388497,0.04193546389198563,0.024798918204715307,0.05008897972666088,0.03095854494405219,0.00164643461744911,0.04506399933936166,54.998141954663694,34.60456114968233,6.402824228911186
prompts_current,PROMPTS,current,0.6929811305173623,0.6462050456253355,0.6963479086667492,0.0,0.6462050456253355,0.06319852182171024,0.6396146699238435,0.284739501571734,0.0756458285044225,0.032988562698707626,0.0,0.0,0.0,0.018480118914901523,0.24347571356596606,0.0,0.0,0.0,0.0,0.05948325694702507,0.04195136050208514,0.0247673314339981,0.05014823072794087,0.0309674222717701,0.0016604731822123125,0.045010941822536024,53.71815516743053,33.36220772724396,6.403443577356621
prompts_moderate,PROMPTS,moderate,0.7525641025641027,0.6530717618398778,0.7029790660225443,0.0,0.6530717618398778,0.06333250753540608,0.638531557575234,0.2842211589950934,0.0772472834296725,0.03600644122383253,0.0,0.0,0.0,0.018448532144184317,0.2441623545740552,0.0,0.0,0.0,0.0,0.05953486931747801,0.04094615797514348,0.02414137660514472,0.05056980056980057,0.03113175605929229,0.0016390024361038855,0.0447113836244271,50.18786902844874,33.34672200406506,6.101407985465957
prompts_high,PROMPTS,high,0.919623849044139,0.6672265576613402,0.7168448325694702,0.0,0.6672265576613402,0.06319563152896486,0.6417958806522064,0.2812514952363163,0.07695262411147728,0.044238614311078076,0.0,0.0,0.0,0.018940501259341838,0.2465830833014441,0.0,0.0,0.0,0.0,0.059401709401709406,0.03856435030348074,0.023018291424088524,0.05096432552954292,0.031391469507411535,0.001660266732730501,0.04426586564267723,45.295016309509066,30.31713321083157,5.57103926669144
prompts_high_shift,PROMPTS,high_shift,0.9263320120566497,0.667623972913828,0.7277724100912506,0.0,0.667623972913828,0.07476526693917998,0.6332073213428986,0.2921163021371613,0.07467637651994015,0.044565423840786156,0.0,0.0,0.0,0.018922953053387835,0.24664355665096324,0.0,0.0,0.0,0.0,0.05920310500020645,0.038740864610429825,0.022434245840042943,0.05112184648416532,0.030299764647590734,0.0016817374788389281,0.04411804781369999,38.3170238242702,23.57503039488659,5.391428217515174
blood_base,Blood tracking,base,0.6904467566786407,0.6429375696767,0.693379784466741,0.0,0.6429375696767,0.06333436558074239,0.6379841745612415,0.28556807357413555,0.07644775186462298,0.032857880176720755,0.0,0.0,0.0,0.018357694372187126,0.24326967245260359,0.0,0.0,0.0,0.0,0.05960402989388497,0.04193546389198563,0.024798918204715307,0.05008897972666088,0.03095854494405219,0.00164643461744911,0.04506399933936166,54.998141954663694,34.60456114968233,6.402824228911186
blood_current,Blood tracking,current,0.6904467566786407,0.6429375696767,0.693379784466741,0.0,0.6429375696767,0.06333436558074239,0.6379841745612415,0.28556807357413555,0.07644775186462298,0.032857880176720755,0.0,0.0,0.0,0.018357694372187126,0.24326967245260359,0.0,0.0,0.0,0.0,0.05960402989388497,0.04193546389198563,0.024798918204715307,0.05008897972666088,0.03095854494405219,0.00164643461744911,0.04506399933936166,53.160741566538675,32.690630072832654,6.402824228911186
blood_moderate,Blood tracking,moderate,0.6904467566786407,0.6429375696767,0.693379784466741,0.0,0.6429375696767,0.06333436558074239,0.6379841745612415,0.28556807357413555,0.07644775186462298,0.032857880176720755,0.0,0.0,0.0,0.018357694372187126,0.24326967245260359,0.0,0.0,0.0,0.0,0.05960402989388497,0.04193546389198563,0.024798918204715307,0.05008897972666088,0.03095854494405219,0.00164643461744911,0.04506399933936166,51.2614063338701,30.71197864545666,6.402824228911186
blood_high,Blood tracking,high,0.6904467566786407,0.6429375696767,0.693379784466741,0.0,0.6429375696767,0.06333436558074239,0.6379841745612415,0.28556807357413555,0.07644775186462298,0.032857880176720755,0.0,0.0,0.0,0.018357694372187126,0.24326967245260359,0.0,0.0,0.0,0.0,0.05960402989388497,0.04193546389198563,0.024798918204715307,0.05008897972666088,0.03095854494405219,0.00164643461744911,0.04506399933936166,48.68078781122259,28.023828011360077,6.402824228911186
referral_base,Transfer & EMT,base,0.6904467566786407,0.6429375696767,0.693379784466741,0.0,0.6429375696767,0.06333436558074239,0.6379841745612415,0.28556807357413555,0.07644775186462298,0.032857880176720755,0.0,0.0,0.0,0.018357694372187126,0.24326967245260359,0.0,0.0,0.0,0.0,0.05960402989388497,0.04193546389198563,0.024798918204715307,0.05008897972666088,0.03095854494405219,0.00164643461744911,0.04506399933936166,54.998141954663694,34.60456114968233,6.402824228911186
referral_current,Transfer & EMT,current,0.6904467566786407,0.6429375696767,0.693379784466741,0.0,0.6429375696767,0.06333436558074239,0.6574067419682723,0.2747923482848672,0.0678009097468605,0.032857880176720755,0.0,0.0,0.0,0.018357694372187126,0.24326967245260359,0.0,0.0,0.0,0.0,0.05960402989388497,0.04193546389198563,0.024798918204715307,0.05008897972666088,0.03095854494405219,0.00164643461744911,0.04506399933936166,54.79169247285189,34.389488635480284,6.402824228911186
referral_moderate,Transfer & EMT,moderate,0.6904467566786407,0.6429375696767,0.693379784466741,0.0,0.6429375696767,0.06333436558074239,0.696747876337593,0.2503510150365678,0.05290110862583917,0.032857880176720755,0.0,0.0,0.0,0.018357694372187126,0.24326967245260359,0.0,0.0,0.0,0.0,0.05960402989388497,0.04193546389198563,0.024798918204715307,0.05008897972666088,0.03095854494405219,0.00164643461744911,0.04506399933936166,54.48201825013419,34.066867952725026,6.402824228911186
referral_high,Transfer & EMT,high,0.6904467566786407,0.6429375696767,0.693379784466741,0.0,0.6429375696767,0.06333436558074239,0.7483515217416086,0.21976777415986562,0.03188070409852588,0.032857880176720755,0.0,0.0,0.0,0.018357694372187126,0.24326967245260359,0.0,0.0,0.0,0.0,0.05960402989388497,0.04193546389198563,0.024798918204715307,0.05008897972666088,0.03095854494405219,0.00164643461744911,0.04506399933936166,53.82137990833643,33.3787615066354,6.402824228911186
pulse_base,PULSE,base,0.6904467566786407,0.6429375696767,0.693379784466741,0.0,0.6429375696767,0.06333436558074239,0.6379841745612415,0.28556807357413555,0.07644775186462298,0.032857880176720755,0.0,0.0,0.0,0.018357694372187126,0.24326967245260359,0.0,0.0,0.0,0.0,0.05960402989388497,0.04193546389198563,0.024798918204715307,0.05008897972666088,0.03095854494405219,0.00164643461744911,0.04506399933936166,54.998141954663694,34.60456114968233,6.402824228911186
pulse_current,PULSE,current,0.6904467566786407,0.6429375696767,0.693379784466741,0.0,0.6429375696767,0.06333436558074239,0.6379841745612415,0.28556807357413555,0.07644775186462298,0.032857880176720755,0.0,0.0,0.0,0.018357694372187126,0.24326967245260359,0.0,0.0,0.0,0.0,0.05960402989388497,0.04193546389198563,0.024798918204715307,0.05008897972666088,0.03095854494405219,0.00164643461744911,0.04506399933936166,54.998141954663694,34.60456114968233,6.402824228911186
pulse_moderate,PULSE,moderate,0.6904467566786407,0.6429375696767,0.6933799909162228,0.0,0.6429375696767,0.06320822494735538,0.6372716674182367,0.28613090606370806,0.07659742651805519,0.032857880176720755,0.0,0.0,0.0,0.018357694372187126,0.24326967245260359,0.0,0.0,0.0,0.0,0.05960402989388497,0.038418184070357984,0.024798918204715307,0.05008897972666088,0.03095854494405219,0.00164643461744911,0.04452991452991453,54.66782278376481,34.26042839102156,6.402411329947562
pulse_high,PULSE,high,0.6904467566786407,0.6429375696767,0.693379784466741,0.0,0.6429375696767,0.06308724555101367,0.6365868670718148,0.2866662866371747,0.0767468462910105,0.032857880176720755,0.0,0.0,0.0,0.018357694372187126,0.24326967245260359,0.0,0.0,0.0,0.0,0.05960402989388497,0.035244436186465174,0.024798918204715307,0.05008897972666088,0.03095854494405219,0.00164643461744911,0.04402576489533011,54.605887939221276,34.19592635267099,6.401585532020315
fqa_base,FQA,base,0.6904467566786407,0.6429375696767,0.6933729716338413,0.0,0.6429375696767,0.06296069201866303,0.6359587903633281,0.2871488591022493,0.07689235053442249,0.0719645732689211,0.02338246831000454,0.009084396548164664,0.015288616375572897,0.02319212188777406,0.5329685814364109,0.4087670132195455,0.3832003392801973,0.3867101802529199,0.0,0.045100540897642344,0.028904166150542962,0.019847227383459266,0.04944754118667162,0.03095854494405219,0.00164643461744911,0.03916800858829844,50.60076799207234,30.30347360847504,6.3768115942028984
fqa_current,FQA,current,0.6904467566786407,0.6429375696767,0.6933729716338413,0.0,0.6429375696767,0.06296048556918123,0.6359577324546961,0.28714970650119503,0.07689256104410883,0.0719645732689211,0.023399190718031298,0.009092654527437136,0.015294396961063628,0.023210702341137122,0.5329685814364109,0.4090647579624778,0.38355389908040083,0.38685630584650565,0.0,0.045094140963706175,0.02889859201453404,0.01984619513605021,0.049444237994962635,0.03095854494405219,0.00164643461744911,0.039165531194516705,50.60076799207234,30.30347360847504,6.3768115942028984
fqa_moderate,FQA,moderate,0.6904467566786407,0.6429375696767,0.6933653330030141,0.0,0.6429375696767,0.06293488583343657,0.6358327326928154,0.28724722839068945,0.07692003891649522,0.0719645732689211,0.024326148891366285,0.009441347702217268,0.015858416945373467,0.02400470704818531,0.5329685814364109,0.42563854206188945,0.398275994531354,0.4012878467109134,0.0,0.04460320409595772,0.02845410628019324,0.01969858375655477,0.049306536190594163,0.03095854494405219,0.00164643461744911,0.0389590817127049,50.58012304389116,30.281963374981455,6.361327883067014
fqa_high,FQA,high,0.6904467566786407,0.6429375696767,0.6933562492258144,0.0,0.6429375696767,0.0629076345018374,0.6357121233681071,0.2873474442620476,0.07694043236984528,0.0719645732689211,0.02508134109583385,0.009766712085552666,0.016401998430983937,0.024798918204715307,0.5329685814364109,0.43917675104944287,0.4120039575874292,0.415295122991415,0.0,0.04416862793674388,0.028082084313968372,0.019556133614104628,0.04918411164787976,0.03095854494405219,0.00164643461744911,0.03877905776456501,50.559478095709984,30.260450827788308,6.359263388248895
combined_base,All,base,0.6904467566786407,0.6429375696767,0.693379784466741,0.0,0.6429375696767,0.06333436558074239,0.6379841745612415,0.28556807357413555,0.07644775186462298,0.032857880176720755,0.0,0.0,0.0,0.018357694372187126,0.24326967245260359,0.0,0.0,0.0,0.0,0.05960402989388497,0.04193546389198563,0.024798918204715307,0.05008897972666088,0.03095854494405219,0.00164643461744911,0.04506399933936166,54.998141954663694,34.60456114968233,6.402824228911186
combined_current,All,current,0.6930356331805608,0.6462137165035716,0.6963415087328131,0.0,0.6462137165035716,0.06276373921301458,0.6568831952695864,0.27546280543749185,0.06765399929292172,0.07581506255419299,0.02437280647425575,0.009420289855072463,0.016040505388331475,0.024431851026053924,0.5596936639371081,0.4288945270725758,0.3990849232824499,0.4082577655463821,0.0,0.04414674429167183,0.02811036789297659,0.01959866220735786,0.049307155539039596,0.0309674222717701,0.0016604731822123125,0.03876543209876543,46.82274247491639,26.440701138496575,6.354515050167224
combined_moderate,All,moderate,0.7868991287831868,0.6536388785664148,0.703308559395516,0.0,0.6536388785664148,0.0621693711548784,0.7261151821593088,0.2331457609294178,0.04073905691127334,0.13223357694372187,0.036605970519014,0.014005739295594368,0.02042879557372311,0.0395451917915686,0.8577417094705093,0.68762571423095,0.6581727221540881,0.6572437417643429,0.0,0.034749163879598664,0.01715987447871506,0.015296255006399934,0.04787398323630208,0.03117862009166357,0.001647673314339981,0.034079854659564805,37.78025517155952,21.16862487185204,5.733927907840951
combined_high,All,high,0.9317331433998101,0.6677249267104339,0.7171470746108427,0.0,0.6677249267104339,0.06172818861224658,0.7498327708354324,0.2197767539316348,0.0303904752329327,0.17252549651100377,0.03883046368553615,0.01433502621908419,0.017300466575828895,0.04253375449027623,0.9498291606605711,0.7547439526623327,0.7396657548715531,0.7200619833968233,0.0,0.0319418638259218,0.012258763780502911,0.013311449688261283,0.04787522193319295,0.03141232090507453,0.0016478797638217928,0.03249432263925017,30.492588463602956,15.074231923702964,5.314009661835748
