scenario,intervention,level,comparison_baseline,location,location_code,births,delivery_share,anc,pph,maternal_sepsis,eclampsia,obstructed_labor,aph,uterine_rupture,severe_complication,maternal_deaths,maternal_deaths_per_100k,neonatal_deaths,neonatal_deaths_per_1000,iv_iron_given_anemia_anc,pph_bundle_given_pph,mgso4_given_eclampsia,antibiotics_given_sepsis,oxytocin_given_ol
mentors_base,MENTORS,base,overall_no_flags,Home,0,0.0,0.0,0.0,0.0,0.0,0.0,0.0,0.0,0.0,0.0,0.0,0.0,0.0,0.0,0.0,0.0,0.0,0.0,0.0
mentors_base,MENTORS,base,overall_no_flags,L2/3,1,0.0,0.0,0.0,0.0,0.0,0.0,0.0,0.0,0.0,0.0,0.0,0.0,0.0,0.0,0.0,0.0,0.0,0.0,0.0
mentors_base,MENTORS,base,overall_no_flags,L4,2,0.0,0.0,0.0,0.0,0.0,0.0,0.0,0.0,0.0,0.0,0.0,0.0,0.0,0.0,0.0,0.0,0.0,0.0,0.0
mentors_base,MENTORS,base,overall_no_flags,L5,3,0.0,0.0,0.0,0.0,0.0,0.0,0.0,0.0,0.0,0.0,0.0,0.0,0.0,0.0,0.0,0.0,0.0,0.0,0.0
mentors_current,MENTORS,current,overall_no_flags,Home,0,0.0,0.0,0.0,-0.0001420738908869089,-0.0004831965578665498,-0.00012183181207719995,0.0,0.0,0.0,-6.456490190678149e-05,-0.7200000000000273,-1.0307348585517389,0.0,0.0,0.2730468285632651,0.0,0.0,0.0,0.0
mentors_current,MENTORS,current,overall_no_flags,L2/3,1,1.4400000000023283,7.085916740479092e-06,6.3303702907413495e-06,-0.0011190724960530446,-0.0035773581388220538,-0.0007764614065507193,-7.403100978978228e-07,-3.297750928339671e-07,-3.67717096997483e-07,-0.0004431677078789824,-1.460000000000008,-2.0788530076913503,0.0,-0.0001565294714405141,0.2763142644210821,0.0,-0.00032034283812715225,6.761166249652506e-05,0.0
mentors_current,MENTORS,current,overall_no_flags,L4,2,26.279999999998836,0.00012931798051371568,3.377198218412758e-05,-0.019110119521738217,-0.026821539705956604,-0.002079420060936983,-0.00042651503020914305,7.848892161529952e-06,2.2541902856408613e-05,-0.0026917669893553146,-2.0999999999999996,-4.579941384776234,-0.9399999999999977,-0.022128227157343527,0.2752777411802408,0.5644059112787803,0.11045144233651538,0.27881111077309234,0.0
mentors_current,MENTORS,current,overall_no_flags,L5,3,-27.720000000001164,-0.00013640389725420865,-0.00018244978647441457,-0.03500834471146595,-0.04546594840040147,-0.0028351711829638325,-0.0005412394750085314,-1.0538262013269628e-05,-5.189645795717138e-05,-0.014411139493703568,-7.34,-45.257728322673216,-0.7399999999999949,-0.04122613758579696,0.2717190043879175,0.5600470630351547,0.1088880103499626,0.2809332861881212,0.0
mentors_moderate,MENTORS,moderate,overall_no_flags,Home,0,0.0,0.0,0.0,-0.00025455132917349965,-0.0008609346146009056,-0.00022548953996769094,0.0,0.0,0.0,-0.00011284335378734106,-1.0200000000000387,-1.458592090124796,0.0,0.0,0.4904416933380401,0.0,0.0,0.0,0.0
mentors_moderate,MENTORS,moderate,overall_no_flags,L2/3,1,50.520000000004075,0.0002485975789784378,3.2745555483382205e-05,-0.0021356067711414198,-0.01006109056570377,-0.002531440615931673,-0.00046083286105728927,-4.511846625990246e-06,-6.1228233926569064e-06,-0.0013335479370904617,-3.700000000000003,-5.353105417909688,-2.1000000000000227,-0.03519551032684021,0.4927344335929039,0.0,0.11357711090001382,0.06072444053213849,0.0
mentors_moderate,MENTORS,moderate,overall_no_flags,L4,2,22.68000000000029,0.00011160318866251795,0.00014218685375244622,-0.026270201429835528,-0.04482833659864597,-0.004682073288965364,-0.0015382174798583559,1.617035624843985e-05,3.35644060670548e-05,-0.004443173639944446,-4.879999999999999,-10.61541697889254,-6.52000000000001,-0.14322259680566551,0.4897889876993748,0.7589585724068989,0.30401360698858304,0.47234680382609734,0.0
mentors_moderate,MENTORS,moderate,overall_no_flags,L5,3,-73.20000000000073,-0.0003602007676409835,-5.4788958367857354e-05,-0.047395854754522515,-0.07564756941782308,-0.006343835746885879,-0.0016389823960791736,9.022091274825395e-06,-3.33235208895763e-05,-0.02265934206593309,-10.54,-65.00219273179422,-2.960000000000001,-0.17275195619853712,0.4841691017533585,0.7517340594477513,0.30958581567120697,0.46777552463821026,0.0
mentors_high,MENTORS,high,overall_no_flags,Home,0,0.0,0.0,0.0,-0.0003711604262547144,-0.0012911357854018396,-0.00033415385743438067,0.0,0.0,0.0,-0.00014695594836566794,-1.1400000000000432,-1.6261933727166706,0.0,0.0,0.6904356894801397,0.0,0.0,0.0,0.0
mentors_high,MENTORS,high,overall_no_flags,L2/3,1,91.38000000000466,0.00044966046648953206,6.768671793522252e-05,-0.002964053267793601,-0.015422048733296528,-0.00403556098842045,-0.0008220558969924824,2.0219374931643164e-07,-1.573417839010119e-05,-0.0020204913997485946,-6.000000000000007,-8.676233804591618,-3.0,-0.05241569274221636,0.6907045612951331,0.0,0.21991071892885228,0.11735352667908211,0.0
mentors_high,MENTORS,high,overall_no_flags,L4,2,22.479999999995925,0.00011061903355963354,0.00023801541515777735,-0.03239849322689194,-0.05973041427717237,-0.00678338128190459,-0.0026152987442700434,2.2481292744208625e-05,3.719596417775528e-05,-0.005926128615188679,-6.459999999999999,-14.001840310510431,-9.259999999999991,-0.20258190452469638,0.6854989056684464,0.931061115886926,0.47062943177342575,0.6474395610086654,0.0
mentors_high,MENTORS,high,overall_no_flags,L5,3,-113.86000000000058,-0.0005602795000492072,-2.6840359756752363e-05,-0.0580918432836031,-0.10090779144072001,-0.009465696083171916,-0.0026794608118535165,-7.689010280063219e-06,2.055120427218657e-05,-0.02962866325864632,-14.54,-89.6966499344226,-4.920000000000002,-0.28789583442178124,0.6898399919691027,0.9285382438093442,0.4801171170139041,0.6347738516117855,0.0
prompts_base,PROMPTS,base,overall_no_flags,Home,0,0.0,0.0,0.0,0.0,0.0,0.0,0.0,0.0,0.0,0.0,0.0,0.0,0.0,0.0,0.0,0.0,0.0,0.0,0.0
prompts_base,PROMPTS,base,overall_no_flags,L2/3,1,0.0,0.0,0.0,0.0,0.0,0.0,0.0,0.0,0.0,0.0,0.0,0.0,0.0,0.0,0.0,0.0,0.0,0.0,0.0
prompts_base,PROMPTS,base,overall_no_flags,L4,2,0.0,0.0,0.0,0.0,0.0,0.0,0.0,0.0,0.0,0.0,0.0,0.0,0.0,0.0,0.0,0.0,0.0,0.0,0.0
prompts_base,PROMPTS,base,overall_no_flags,L5,3,0.0,0.0,0.0,0.0,0.0,0.0,0.0,0.0,0.0,0.0,0.0,0.0,0.0,0.0,0.0,0.0,0.0,0.0,0.0
prompts_current,PROMPTS,current,overall_no_flags,Home,0,0.0,0.0,0.0,0.0,0.0,0.0,0.0,0.0,0.0,0.0,0.0,0.0,0.0,0.0,0.0,0.0,0.0,0.0,0.0
prompts_current,PROMPTS,current,overall_no_flags,L2/3,1,0.0,0.0,0.0,0.0,0.0,0.0,0.0,0.0,0.0,0.0,0.0,0.0,0.0,0.0,0.0,0.0,0.0,0.0,0.0
prompts_current,PROMPTS,current,overall_no_flags,L4,2,0.0,0.0,0.0,0.0,0.0,0.0,0.0,0.0,0.0,0.0,0.0,0.0,0.0,0.0,0.0,0.0,0.0,0.0,0.0
prompts_current,PROMPTS,current,overall_no_flags,L5,3,0.0,0.0,0.0,0.0,0.0,0.0,0.0,0.0,0.0,0.0,0.0,0.0,0.0,0.0,0.0,0.0,0.0,0.0,0.0
prompts_moderate,PROMPTS,moderate,overall_no_flags,Home,0,-6901.940000000002,-0.033962897352622756,0.016524902764138705,-0.0001946922280290364,-0.00031443645079948235,-0.0002092708997306382,-0.00030829116928385997,-0.00023598235893808328,-0.0002146519979976981,-0.00029448167772465686,-35.22000000000003,-8.939033071084623,-210.5999999999999,-0.4064556719176693,0.001335873183987063,0.0,0.0,0.0,0.0
prompts_moderate,PROMPTS,moderate,overall_no_flags,L2/3,1,1151.3399999999965,0.005665485680543314,0.038516326889370456,-0.0001819113537026365,-0.0012016711635181726,-0.000983550221504495,-0.0002987441113740594,-0.00016433696522853702,-0.0002158669790426511,-0.0006410807358908643,3.819999999999993,3.8638757876878316,-0.7799999999999727,-0.13432385632814547,-0.001153351575311018,0.0,-0.0016038516910170664,-0.0006873873159059241,0.0
prompts_moderate,PROMPTS,moderate,overall_no_flags,L4,2,4474.439999999995,0.02201771479185119,0.015044387164461548,-0.0013965862380276237,-0.0014794299472174338,0.00028524688373111895,0.0017594390391951,0.0001732251569788526,0.0001424312780576413,0.0004020177642837276,2.119999999999999,1.3346127330693776,24.659999999999997,0.15888360001004997,-2.51119521802734e-05,0.0,0.0016647721540387073,0.0017965181486115922,0.0
prompts_moderate,PROMPTS,moderate,overall_no_flags,L5,3,1276.1599999999999,0.006279696880228336,0.021411044819552583,-0.003276868655707546,-0.0049821096621548155,0.0007692384558359855,0.0024132504564376572,-0.00024621881806091706,0.00015800941446261416,0.0007503089683823377,-1.0599999999999987,-22.0145619179724,9.739999999999995,0.3044433894101104,-0.0008666410053441986,0.0,-0.006905138708617642,0.0006993872888780839,0.0
prompts_high,PROMPTS,high,overall_no_flags,Home,0,-25162.340000000004,-0.12381822655250468,0.09863254028017687,-0.0010035086298916841,-0.004249884094069012,-0.0023251510781116327,-0.0015995784625539439,-0.0012882226545680338,-0.0010977575773095036,-0.0024399540931303414,-125.58000000000004,-40.0906035064051,-771.94,-2.213427629579364,-0.0008542160125121767,0.0,0.0,0.0,0.0
prompts_high,PROMPTS,high,overall_no_flags,L2/3,1,5715.080000000002,0.028122625725814365,0.1386682162410865,-0.001237946397336185,-0.004157410181767879,-0.0023678172901844645,-0.0010939762748884627,-0.0005188003431902954,-0.0012208356605947976,-0.002104232969058116,-0.2400000000000091,-7.30348586527154,0.7799999999999727,-0.5593006311345423,-0.0001992698560807915,0.0,0.0007380244061609975,0.002060556480871778,0.0
prompts_high,PROMPTS,high,overall_no_flags,L4,2,15075.379999999997,0.07418256077157756,0.043249600710161484,-0.0037734720330787203,-0.0033854212755764918,0.0007953089942882435,0.0032741044854548706,0.00027253667261196643,0.0007204789999077643,0.0005505476987585842,8.94,7.029570827757738,87.38,0.5119325224184075,-0.0007018377221320593,0.0,-0.0034752942185482527,0.0049724597582275765,0.0
prompts_high,PROMPTS,high,overall_no_flags,L5,3,4371.880000000001,0.02151304005511269,0.0651930077127868,-0.010323528100811274,-0.013573000597810497,0.000415103139965442,0.004772995212883296,0.001211511487578868,0.0010225016210439163,0.000991611757913402,9.719999999999999,2.855804134136662,26.980000000000004,0.5671744829854588,-0.003981096920063321,0.0,0.005166663117959547,-0.00480748704218098,0.0
prompts_high_shift,PROMPTS,high_shift,overall_no_flags,Home,0,-38192.36000000001,-0.18793602991831515,0.20385650960428486,-0.0008605022646519002,-0.005661013158180225,-0.004158902116316639,-0.0024529713845323556,-0.0020354829111052727,-0.0017877868293695587,-0.003923031541694395,-175.00000000000003,-33.17616196304351,-1128.52,-3.2208429408707744,-0.0017865172356360537,0.0,0.0,0.0,0.0
prompts_high_shift,PROMPTS,high_shift,overall_no_flags,L2/3,1,4912.1600000000035,0.024171636649936046,0.20121022013399692,-0.008657991113961847,-0.015304502303050471,-0.003504569550900654,0.0006884777548656629,-0.0005919191966881465,-0.0014909085035622119,-0.003731646726455644,-20.480000000000004,-33.34906251298797,-5.919999999999959,-0.5785546694838581,0.0011054586344879935,0.0,0.0009028363761936498,-0.0018517125633218945,0.0
prompts_high_shift,PROMPTS,high_shift,overall_no_flags,L4,2,25353.179999999993,0.12475730735163856,0.05163802210668311,-0.002040616097765152,-0.0015021550559118774,-0.00013533901421196662,0.002156945354403729,4.6570377881770264e-05,-3.35465480590276e-05,0.0007975064111529068,14.860000000000001,9.815007715229271,140.26,0.6471507506065897,-0.0013305444536859112,0.0,-0.0008516585800097953,0.0006708810422575429,0.0
prompts_high_shift,PROMPTS,high_shift,overall_no_flags,L5,3,7927.02,0.03900708591674047,0.0841279108755365,-0.008148154902389806,-0.01193200734944555,-0.0010236300054639429,0.004048597698692577,0.0010672766655963756,0.00011217984717889692,0.0007316439419102899,20.82,18.18911104203059,50.72,0.9376000956683721,-0.006537323183367111,0.0,0.007711623187576566,-0.008551999337629512,0.0
blood_base,Blood tracking,base,overall_no_flags,Home,0,0.0,0.0,0.0,0.0,0.0,0.0,0.0,0.0,0.0,0.0,0.0,0.0,0.0,0.0,0.0,0.0,0.0,0.0,0.0
blood_base,Blood tracking,base,overall_no_flags,L2/3,1,0.0,0.0,0.0,0.0,0.0,0.0,0.0,0.0,0.0,0.0,0.0,0.0,0.0,0.0,0.0,0.0,0.0,0.0,0.0
blood_base,Blood tracking,base,overall_no_flags,L4,2,0.0,0.0,0.0,0.0,0.0,0.0,0.0,0.0,0.0,0.0,0.0,0.0,0.0,0.0,0.0,0.0,0.0,0.0,0.0
blood_base,Blood tracking,base,overall_no_flags,L5,3,0.0,0.0,0.0,0.0,0.0,0.0,0.0,0.0,0.0,0.0,0.0,0.0,0.0,0.0,0.0,0.0,0.0,0.0,0.0
blood_current,Blood tracking,current,overall_no_flags,Home,0,0.0,0.0,0.0,0.0,0.0,0.0,0.0,0.0,0.0,0.0,0.0,0.0,0.0,0.0,0.0,0.0,0.0,0.0,0.0
blood_current,Blood tracking,current,overall_no_flags,L2/3,1,0.0,0.0,0.0,0.0,0.0,0.0,0.0,0.0,0.0,0.0,-4.100000000000001,-5.835745698627761,0.0,0.0,0.0,0.0,0.0,0.0,0.0
blood_current,Blood tracking,current,overall_no_flags,L4,2,0.0,0.0,0.0,0.0,0.0,0.0,0.0,0.0,0.0,0.0,-1.1999999999999993,-2.620343576419522,0.0,0.0,0.0,0.0,0.0,0.0,0.0
blood_current,Blood tracking,current,overall_no_flags,L5,3,0.0,0.0,0.0,0.0,0.0,0.0,0.0,0.0,0.0,0.0,-3.219999999999999,-20.368184037207982,0.0,0.0,0.0,0.0,0.0,0.0,0.0
blood_moderate,Blood tracking,moderate,overall_no_flags,Home,0,0.0,0.0,0.0,0.0,0.0,0.0,0.0,0.0,0.0,0.0,0.0,0.0,0.0,0.0,0.0,0.0,0.0,0.0,0.0
blood_moderate,Blood tracking,moderate,overall_no_flags,L2/3,1,0.0,0.0,0.0,0.0,0.0,0.0,0.0,0.0,0.0,0.0,-9.000000000000007,-12.812937960862314,0.0,0.0,0.0,0.0,0.0,0.0,0.0
blood_moderate,Blood tracking,moderate,overall_no_flags,L4,2,0.0,0.0,0.0,0.0,0.0,0.0,0.0,0.0,0.0,0.0,-2.539999999999999,-5.522348807240039,0.0,0.0,0.0,0.0,0.0,0.0,0.0
blood_moderate,Blood tracking,moderate,overall_no_flags,L5,3,0.0,0.0,0.0,0.0,0.0,0.0,0.0,0.0,0.0,0.0,-5.940000000000001,-37.50872721762687,0.0,0.0,0.0,0.0,0.0,0.0,0.0
blood_high,Blood tracking,high,overall_no_flags,Home,0,0.0,0.0,0.0,0.0,0.0,0.0,0.0,0.0,0.0,0.0,0.0,0.0,0.0,0.0,0.0,0.0,0.0,0.0,0.0
blood_high,Blood tracking,high,overall_no_flags,L2/3,1,0.0,0.0,0.0,0.0,0.0,0.0,0.0,0.0,0.0,0.0,-16.500000000000007,-23.50042299561437,0.0,0.0,0.0,0.0,0.0,0.0,0.0
blood_high,Blood tracking,high,overall_no_flags,L4,2,0.0,0.0,0.0,0.0,0.0,0.0,0.0,0.0,0.0,0.0,-4.539999999999999,-9.885174987863152,0.0,0.0,0.0,0.0,0.0,0.0,0.0
blood_high,Blood tracking,high,overall_no_flags,L5,3,0.0,0.0,0.0,0.0,0.0,0.0,0.0,0.0,0.0,0.0,-10.04,-62.98028454349691,0.0,0.0,0.0,0.0,0.0,0.0,0.0
referral_base,Transfer & EMT,base,overall_no_flags,Home,0,0.0,0.0,0.0,0.0,0.0,0.0,0.0,0.0,0.0,0.0,0.0,0.0,0.0,0.0,0.0,0.0,0.0,0.0,0.0
referral_base,Transfer & EMT,base,overall_no_flags,L2/3,1,0.0,0.0,0.0,0.0,0.0,0.0,0.0,0.0,0.0,0.0,0.0,0.0,0.0,0.0,0.0,0.0,0.0,0.0,0.0
referral_base,Transfer & EMT,base,overall_no_flags,L4,2,0.0,0.0,0.0,0.0,0.0,0.0,0.0,0.0,0.0,0.0,0.0,0.0,0.0,0.0,0.0,0.0,0.0,0.0,0.0
referral_base,Transfer & EMT,base,overall_no_flags,L5,3,0.0,0.0,0.0,0.0,0.0,0.0,0.0,0.0,0.0,0.0,0.0,0.0,0.0,0.0,0.0,0.0,0.0,0.0,0.0
referral_current,Transfer & EMT,current,overall_no_flags,Home,0,0.0,0.0,0.0,0.0,0.0,0.0,0.0,0.0,0.0,0.0,0.0,0.0,0.0,0.0,0.0,0.0,0.0,0.0,0.0
referral_current,Transfer & EMT,current,overall_no_flags,L2/3,1,0.0,0.0,0.0,0.0,0.0,0.0,0.0,0.0,0.0,0.0,0.0,0.0,0.0,0.0,0.0,0.0,0.0,0.0,0.0
referral_current,Transfer & EMT,current,overall_no_flags,L4,2,0.0,0.0,0.0,0.0,0.0,0.0,0.0,0.0,0.0,0.0,0.0,0.0,0.0,0.0,0.0,0.0,0.0,0.0,0.0
referral_current,Transfer & EMT,current,overall_no_flags,L5,3,0.0,0.0,0.0,0.0,0.0,0.0,0.0,0.0,0.0,0.0,0.0,0.0,0.0,0.0,0.0,0.0,0.0,0.0,0.0
referral_moderate,Transfer & EMT,moderate,overall_no_flags,Home,0,0.0,0.0,0.0,0.0,0.0,0.0,0.0,0.0,0.0,0.0,0.0,0.0,0.0,0.0,0.0,0.0,0.0,0.0,0.0
referral_moderate,Transfer & EMT,moderate,overall_no_flags,L2/3,1,0.0,0.0,0.0,0.0,0.0,0.0,0.0,0.0,0.0,0.0,0.0,0.0,0.0,0.0,0.0,0.0,0.0,0.0,0.0
referral_moderate,Transfer & EMT,moderate,overall_no_flags,L4,2,0.0,0.0,0.0,0.0,0.0,0.0,0.0,0.0,0.0,0.0,-0.3199999999999985,-0.6758572527194069,0.0,0.0,0.0,0.0,0.0,0.0,0.0
referral_moderate,Transfer & EMT,moderate,overall_no_flags,L5,3,0.0,0.0,0.0,0.0,0.0,0.0,0.0,0.0,0.0,0.0,-1.4800000000000004,-9.310791798721624,0.0,0.0,0.0,0.0,0.0,0.0,0.0
referral_high,Transfer & EMT,high,overall_no_flags,Home,0,0.0,0.0,0.0,0.0,0.0,0.0,0.0,0.0,0.0,0.0,0.0,0.0,0.0,0.0,0.0,0.0,0.0,0.0,0.0
referral_high,Transfer & EMT,high,overall_no_flags,L2/3,1,0.0,0.0,0.0,0.0,0.0,0.0,0.0,0.0,0.0,0.0,0.0,0.0,0.0,0.0,0.0,0.0,0.0,0.0,0.0
referral_high,Transfer & EMT,high,overall_no_flags,L4,2,0.0,0.0,0.0,0.0,0.0,0.0,0.0,0.0,0.0,0.0,-0.47999999999999865,-1.0412983681063075,0.0,0.0,0.0,0.0,0.0,0.0,0.0
referral_high,Transfer & EMT,high,overall_no_flags,L5,3,0.0,0.0,0.0,0.0,0.0,0.0,0.0,0.0,0.0,0.0,-2.5599999999999987,-16.07956283905355,0.0,0.0,0.0,0.0,0.0,0.0,0.0
pulse_base,PULSE,base,overall_no_flags,Home,0,0.0,0.0,0.0,0.0,0.0,0.0,0.0,0.0,0.0,0.0,0.0,0.0,0.0,0.0,0.0,0.0,0.0,0.0,0.0
pulse_base,PULSE,base,overall_no_flags,L2/3,1,0.0,0.0,0.0,0.0,0.0,0.0,0.0,0.0,0.0,0.0,0.0,0.0,0.0,0.0,0.0,0.0,0.0,0.0,0.0
pulse_base,PULSE,base,overall_no_flags,L4,2,0.0,0.0,0.0,0.0,0.0,0.0,0.0,0.0,0.0,0.0,0.0,0.0,0.0,0.0,0.0,0.0,0.0,0.0,0.0
pulse_base,PULSE,base,overall_no_flags,L5,3,0.0,0.0,0.0,0.0,0.0,0.0,0.0,0.0,0.0,0.0,0.0,0.0,0.0,0.0,0.0,0.0,0.0,0.0,0.0
pulse_current,PULSE,current,overall_no_flags,Home,0,0.0,0.0,0.0,0.0,0.0,0.0,0.0,0.0,0.0,0.0,0.0,0.0,0.0,0.0,0.0,0.0,0.0,0.0,0.0
pulse_current,PULSE,current,overall_no_flags,L2/3,1,0.0,0.0,0.0,0.0,0.0,0.0,0.0,0.0,0.0,0.0,0.0,0.0,0.0,0.0,0.0,0.0,0.0,0.0,0.0
pulse_current,PULSE,current,overall_no_flags,L4,2,0.0,0.0,0.0,0.0,0.0,0.0,0.0,0.0,0.0,0.0,0.0,0.0,0.0,0.0,0.0,0.0,0.0,0.0,0.0
pulse_current,PULSE,current,overall_no_flags,L5,3,0.0,0.0,0.0,0.0,0.0,0.0,0.0,0.0,0.0,0.0,0.0,0.0,0.0,0.0,0.0,0.0,0.0,0.0,0.0
pulse_moderate,PULSE,moderate,overall_no_flags,Home,0,0.0,0.0,0.0,0.0,-0.008321265714074877,0.0,0.0,0.0,0.0,-0.0006768523918515637,-3.6200000000000045,-5.096998269600476,0.0,0.0,0.0,0.0,0.0,0.0,0.0
pulse_moderate,PULSE,moderate,overall_no_flags,L2/3,1,1.819999999992433,8.955811435895633e-06,4.527039265678212e-08,-1.1390679863360065e-06,-0.006991677796451767,-1.4325082024445324e-06,-7.286405874537549e-06,-4.2696688544105466e-07,-4.7247217629942106e-07,-0.0005109807980438578,-0.28000000000000114,-0.4000702153966529,0.0,-0.00020261187409076342,-2.736143064674401e-06,0.0,8.725567516743027e-06,0.0012088400601145688,0.0
pulse_moderate,PULSE,moderate,overall_no_flags,L4,2,23.439999999995052,0.00011534297805332328,-2.582915144111464e-05,4.9487407517520565e-05,-0.00874881892446254,1.1348887995862172e-05,6.352830966929734e-05,-2.008292843511117e-06,-1.9840154085945527e-07,-0.0006351686896972283,-0.17999999999999972,-0.4167537519862563,-0.0800000000000125,-0.003803838263107817,-5.062319002488436e-05,0.0,0.00019513046960850655,0.0010646248836186367,0.0
pulse_moderate,PULSE,moderate,overall_no_flags,L5,3,-25.26000000000022,-0.0001242987894892189,2.870540378907549e-05,-4.880298048770548e-05,-0.014910778399655295,-1.4208301004615259e-05,-0.0001402566858570986,1.726639416877937e-05,1.3403385191422534e-05,-0.0022101528328848374,-0.5799999999999983,-3.3097032010657585,-0.19999999999999574,-0.006607087396479638,0.00014674773809678077,0.0,-0.0005340378337750917,-0.0011343961024101734,0.0
pulse_high,PULSE,high,overall_no_flags,Home,0,0.0,0.0,0.0,0.0,-0.01614302704527809,0.0,0.0,0.0,0.0,-0.0013412482186237543,-5.920000000000016,-8.363287937256814,0.0,0.0,0.0,0.0,0.0,0.0,0.0
pulse_high,PULSE,high,overall_no_flags,L2/3,1,2.0200000000040745,9.939966538752287e-06,2.0045690420578133e-05,1.6305058040538833e-07,-0.013242131847486446,-4.065184619400641e-06,-9.745716856010556e-06,-1.617812369115318e-06,-5.227693967851943e-07,-0.0010291048795637095,-0.7000000000000028,-0.9992614758084954,0.0,-0.00022633693572160496,-1.7388664845324753e-05,0.0,3.712363393948426e-05,0.0014546578215371975,0.0
pulse_high,PULSE,high,overall_no_flags,L4,2,47.900000000001455,0.00023570514713117108,-9.949526687846877e-05,9.880933203954695e-05,-0.016356626243330938,2.1621671634414197e-05,0.00012501418733824876,1.3704719378088148e-06,1.6236861568503375e-05,-0.0010865453364926995,-0.5,-1.1258823605380002,-0.03999999999999204,-0.004960554374954462,-6.933053247604182e-05,0.0,0.0005691610531439184,-0.0003637444058487982,0.0
pulse_high,PULSE,high,overall_no_flags,L5,3,-49.92000000000007,-0.0002456451136699095,8.997292230283893e-05,-0.00011270745034856755,-0.027639142276156048,-2.03277472997955e-05,-0.0002975210391630706,2.1898880003326515e-05,-2.4953078577555354e-05,-0.004406029432443809,-1.4200000000000017,-8.185117651370433,-0.6000000000000014,-0.027061149125827466,0.0002421830065260644,0.0,-0.0014932878003802164,-0.00032909450383827865,0.0
fqa_base,FQA,base,overall_no_flags,Home,0,0.0,0.0,0.0,-0.0001420738908869089,-0.0004831965578665498,-0.00012183181207719995,0.0,0.0,0.0,-6.456490190678149e-05,-0.7200000000000273,-1.0307348585517389,0.0,0.0,0.2730468285632651,0.0,0.0,0.0,0.0
fqa_base,FQA,base,overall_no_flags,L2/3,1,1.4400000000023283,7.085916740479092e-06,6.3303702907413495e-06,-0.0011190724960530446,-0.0035773581388220538,-0.0007764614065507193,-7.403100978978228e-07,-3.297750928339671e-07,-3.67717096997483e-07,-0.0004431677078789824,-1.460000000000008,-2.0788530076913503,0.0,-0.0001565294714405141,0.2763142644210821,0.0,-0.00032034283812715225,6.761166249652506e-05,0.0
fqa_base,FQA,base,overall_no_flags,L4,2,26.279999999998836,0.00012931798051371568,3.377198218412758e-05,-0.019110119521738217,-0.026821539705956604,-0.002079420060936983,-0.00042651503020914305,7.848892161529952e-06,2.2541902856408613e-05,-0.0026917669893553146,-2.0999999999999996,-4.579941384776234,-0.9399999999999977,-0.022128227157343527,0.2752777411802408,0.5644059112787803,0.11045144233651538,0.27881111077309234,0.0
fqa_base,FQA,base,overall_no_flags,L5,3,-27.720000000001164,-0.00013640389725420865,-0.00018244978647441457,-0.03500834471146595,-0.04546594840040147,-0.0028351711829638325,-0.0005412394750085314,-1.0538262013269628e-05,-5.189645795717138e-05,-0.014411139493703568,-7.34,-45.257728322673216,-0.7399999999999949,-0.04122613758579696,0.2717190043879175,0.5600470630351547,0.1088880103499626,0.2809332861881212,0.0
fqa_current,FQA,current,overall_no_flags,Home,0,0.0,0.0,0.0,-0.0001420738908869089,-0.0004831965578665498,-0.00012183181207719995,0.0,0.0,0.0,-6.456490190678149e-05,-0.7200000000000273,-1.0307348585517389,0.0,0.0,0.2730468285632651,0.0,0.0,0.0,0.0
fqa_current,FQA,current,overall_no_flags,L2/3,1,1.4400000000023283,7.085916740479092e-06,6.3303702907413495e-06,-0.0011190724960530446,-0.0035773581388220538,-0.0007764614065507193,-7.403100978978228e-07,-3.297750928339671e-07,-3.67717096997483e-07,-0.0004431677078789824,-1.460000000000008,-2.0788530076913503,0.0,-0.0001565294714405141,0.2763142644210821,0.0,-0.00032034283812715225,6.761166249652506e-05,0.0
fqa_current,FQA,current,overall_no_flags,L4,2,26.279999999998836,0.00012931798051371568,3.377198218412758e-05,-0.019110119521738217,-0.026821539705956604,-0.002079420060936983,-0.00042651503020914305,7.848892161529952e-06,2.2541902856408613e-05,-0.0026917669893553146,-2.0999999999999996,-4.579941384776234,-0.9399999999999977,-0.022128227157343527,0.2752777411802408,0.5644059112787803,0.11045144233651538,0.27881111077309234,0.0
fqa_current,FQA,current,overall_no_flags,L5,3,-27.720000000001164,-0.00013640389725420865,-0.00018244978647441457,-0.03500834471146595,-0.04546594840040147,-0.0028351711829638325,-0.0005412394750085314,-1.0538262013269628e-05,-5.189645795717138e-05,-0.014411139493703568,-7.34,-45.257728322673216,-0.7399999999999949,-0.04122613758579696,0.2717190043879175,0.5600470630351547,0.1088880103499626,0.2809332861881212,0.0
fqa_moderate,FQA,moderate,overall_no_flags,Home,0,0.0,0.0,0.0,-0.0001420738908869089,-0.0004831965578665498,-0.00012183181207719995,0.0,0.0,0.0,-6.456490190678149e-05,-0.7200000000000273,-1.0307348585517389,0.0,0.0,0.2730468285632651,0.0,0.0,0.0,0.0
fqa_moderate,FQA,moderate,overall_no_flags,L2/3,1,5.679999999993015,2.795000492078481e-05,9.274067754749815e-06,-0.001131369737142219,-0.003919542965396067,-0.0008791972157271531,-4.326942908888104e-05,-1.0218034224747374e-06,-6.066483245227572e-07,-0.000493420829196213,-1.5200000000000031,-2.1709132768130814,-0.2599999999999909,-0.004303805832082119,0.2763031371402006,0.0,0.009468271944344409,0.005627813769178314,0.0
fqa_moderate,FQA,moderate,overall_no_flags,L4,2,24.619999999995343,0.00012114949316011092,3.730994348705163e-05,-0.019734354057299154,-0.028448284605581547,-0.002276770060095381,-0.0005273446599604256,8.536302682143199e-06,2.4134498866637544e-05,-0.002840338632551228,-2.299999999999999,-5.01618330952974,-1.4399999999999977,-0.033058050517209114,0.27528438456776155,0.5849175361308695,0.13155524190951184,0.29975755968205714,0.0
fqa_moderate,FQA,moderate,overall_no_flags,L5,3,-30.30000000000109,-0.00014909949808089573,-0.00015339710948758523,-0.036139386338605695,-0.04834709708577303,-0.0031260684571414316,-0.0006568770317033901,-7.829675218208598e-06,-5.3770259298920736e-05,-0.015123587678320824,-7.699999999999999,-47.552826862678245,-0.8999999999999986,-0.05070668974001569,0.27173754996858823,0.5803133688304356,0.13102000842121503,0.30089019878093015,0.0
fqa_high,FQA,high,overall_no_flags,Home,0,0.0,0.0,0.0,-0.0001420738908869089,-0.0004831965578665498,-0.00012183181207719995,0.0,0.0,0.0,-6.456490190678149e-05,-0.7200000000000273,-1.0307348585517389,0.0,0.0,0.2730468285632651,0.0,0.0,0.0,0.0
fqa_high,FQA,high,overall_no_flags,L2/3,1,9.240000000005239,4.5467965751389006e-05,1.1884112963267413e-05,-0.0011423234769625673,-0.004238902592266849,-0.000984920457796714,-8.55696585992799e-05,-1.839793631847747e-06,-1.2377195359042359e-06,-0.0005388006937132907,-1.720000000000006,-2.4609819466608656,-0.6200000000000045,-0.009776947134382041,0.27630047175982697,0.0,0.018268501343611354,0.010435280671221625,0.0
fqa_high,FQA,high,overall_no_flags,L4,2,23.139999999999418,0.00011386674539906605,4.261988736797839e-05,-0.020282740652244273,-0.029936276930616387,-0.0024522968224980797,-0.0006260462347274579,9.135974751106613e-06,2.47834500790578e-05,-0.002985074986309195,-2.459999999999999,-5.362347134828614,-2.140000000000015,-0.048069394697527024,0.27528472362156414,0.6038237207551558,0.14984262989267694,0.3180962355877585,0.0
fqa_high,FQA,high,overall_no_flags,L5,3,-32.38000000000102,-0.0001593347111504828,-0.00013690397700949486,-0.03715588354061501,-0.05095314754145741,-0.00338522913343833,-0.0007558320765596316,-4.632164037222247e-06,-5.159124470033999e-05,-0.01576602988262689,-7.899999999999999,-48.79423889274406,-1.1400000000000006,-0.06542874893365402,0.27174544563053005,0.5994577713146354,0.15145220052433,0.3180257635154654,0.0
combined_base,All,base,overall_no_flags,Home,0,0.0,0.0,0.0,0.0,0.0,0.0,0.0,0.0,0.0,0.0,0.0,0.0,0.0,0.0,0.0,0.0,0.0,0.0,0.0
combined_base,All,base,overall_no_flags,L2/3,1,0.0,0.0,0.0,0.0,0.0,0.0,0.0,0.0,0.0,0.0,0.0,0.0,0.0,0.0,0.0,0.0,0.0,0.0,0.0
combined_base,All,base,overall_no_flags,L4,2,0.0,0.0,0.0,0.0,0.0,0.0,0.0,0.0,0.0,0.0,0.0,0.0,0.0,0.0,0.0,0.0,0.0,0.0,0.0
combined_base,All,base,overall_no_flags,L5,3,0.0,0.0,0.0,0.0,0.0,0.0,0.0,0.0,0.0,0.0,0.0,0.0,0.0,0.0,0.0,0.0,0.0,0.0,0.0
combined_current,All,current,overall_no_flags,Home,0,0.0,0.0,0.0,-0.0001420738908869089,-0.0004831965578665498,-0.00012183181207719995,0.0,0.0,0.0,-6.456490190678149e-05,-0.7200000000000273,-1.0307348585517389,0.0,0.0,0.2730468285632651,0.0,0.0,0.0,0.0
combined_current,All,current,overall_no_flags,L2/3,1,1.4400000000023283,7.085916740479092e-06,6.3303702907413495e-06,-0.0011190724960530446,-0.0035773581388220538,-0.0007764614065507193,-7.403100978978228e-07,-3.297750928339671e-07,-3.67717096997483e-07,-0.0004431677078789824,-5.440000000000005,-7.742634215878951,0.0,-0.0001565294714405141,0.2763142644210821,0.0,-0.00032034283812715225,6.761166249652506e-05,0.0
combined_current,All,current,overall_no_flags,L4,2,26.279999999998836,0.00012931798051371568,3.377198218412758e-05,-0.019110119521738217,-0.026821539705956604,-0.002079420060936983,-0.00042651503020914305,7.848892161529952e-06,2.2541902856408613e-05,-0.0026917669893553146,-3.219999999999999,-7.016193785609669,-0.9399999999999977,-0.022128227157343527,0.2752777411802408,0.5644059112787803,0.11045144233651538,0.27881111077309234,0.0
combined_current,All,current,overall_no_flags,L5,3,-27.720000000001164,-0.00013640389725420865,-0.00018244978647441457,-0.03500834471146595,-0.04546594840040147,-0.0028351711829638325,-0.0005412394750085314,-1.0538262013269628e-05,-5.189645795717138e-05,-0.014411139493703568,-9.7,-60.19856175040505,-0.7399999999999949,-0.04122613758579696,0.2717190043879175,0.5600470630351547,0.1088880103499626,0.2809332861881212,0.0
combined_moderate,All,moderate,overall_no_flags,Home,0,-10529.440000000002,-0.05181301053045961,0.030314837089392976,-0.0005483375310645459,-0.010902771012067103,-0.0006500013959728351,-0.0003397455440578706,-0.0004323535291224402,-0.000394079154610448,-0.001521907905537332,-56.76000000000002,-19.577083819536938,-319.0999999999999,-0.622527863036197,0.6156081635536935,0.0,0.0,0.0,0.0
combined_moderate,All,moderate,overall_no_flags,L2/3,1,2326.600000000006,0.011448676311386685,0.06076790584352476,-0.003229674023770064,-0.022197728888278055,-0.005009643972123102,-0.0010355399554844436,2.6300898815001528e-05,-0.00023894110422890275,-0.0029876475769245493,-10.500000000000007,-17.42623945685601,-0.6399999999999864,-0.2538917952789923,0.6137571441730215,0.0,0.1948841500957907,0.10257748717434245,0.0
combined_moderate,All,moderate,overall_no_flags,L4,2,6475.559999999998,0.03186477708886917,0.02169800115235887,-0.031730989364700646,-0.06092186323034049,-0.006132778670798981,-0.00047054633973916266,7.131390385118827e-05,0.00014530198607794892,-0.005729894732092544,-6.4799999999999995,-16.249731843190865,24.28,0.0018414722652448923,0.6091845115423487,0.8944953862109243,0.43489040677968727,0.6093923217825543,0.0
combined_moderate,All,moderate,overall_no_flags,L5,3,1727.2799999999988,0.008499557130203728,0.03127900337468725,-0.05756447272692969,-0.10640187948929643,-0.008671188258755225,-0.0005407950353878699,-0.00017054861773584812,0.00020768096308140457,-0.02841720678749495,-19.22,-128.98823720304682,6.300000000000004,0.012662090165465933,0.606672783573499,0.8873966076226487,0.44409726802624133,0.6018175648155447,0.0
combined_high,All,high,overall_no_flags,Home,0,-26448.460000000006,-0.13014693435685465,0.10777546325472281,-0.0017478158025758493,-0.026897442904240607,-0.0029422510133884708,-0.00166510801388782,-0.0012427701261828981,-0.001155315457426278,-0.004337407583820459,-138.22000000000003,-57.070157449166175,-816.1600000000001,-2.5065837812838616,0.7109145560360429,0.0,0.0,0.0,0.0
combined_high,All,high,overall_no_flags,L2/3,1,6209.0,0.030553095167798416,0.145566184918824,-0.004611500095057515,-0.034534137938731085,-0.006737327724099962,-0.0018971824416491034,-0.0005539922196799527,-0.0011933615526343554,-0.005302238861270375,-22.520000000000003,-37.11284342853241,-2.6399999999999864,-0.6496099952222787,0.7152674099541566,0.0,0.23100152694353487,0.1204157234023206,0.0
combined_high,All,high,overall_no_flags,L4,2,15881.659999999996,0.07815008365318374,0.045036585232821946,-0.034937658126030106,-0.07029896228135063,-0.006794533819955886,0.000571855625418019,0.000313717661979053,0.0007306274018237767,-0.006226600215305234,-5.18,-16.328789796989454,78.82,0.3192539831159391,0.7100424949198307,0.9502005514402925,0.4953764958800536,0.665584727790971,0.0
combined_high,All,high,overall_no_flags,L5,3,4357.799999999999,0.021443755535872466,0.06784999061498831,-0.06617459247603405,-0.12399380948611723,-0.010119460909380158,0.0016604819831419482,0.001184440850133691,0.001166825818896735,-0.030529204214931722,-20.92,-147.1757162095829,21.040000000000006,0.2759968704237674,0.7106791056974309,0.9457810817521595,0.5035619201669892,0.6574907439810354,0.0
