scenario,intervention,level,Run,equipment_cost_usd,labor_cost_usd,referral_transfer_cost_usd,service_delivery_cost_usd,pm_overhead_cost_usd,total_cost_usd,total_discounted_cost_usd,maternal_dalys,neonatal_dalys,total_dalys,final_year,cost_category_sum_check_usd,total_daly_sum_check
diagnosis_base,Baseline,base,201,4919356.072068603,13608565.25096525,5811243.922930413,35122846.82625483,0.0,59462012.072219096,52239237.92138645,46475.37752803912,2513209.319199998,2559684.6967280367,10,0.0,4.656612873077393e-10
diagnosis_base,Baseline,base,202,4919356.072068603,13608565.25096525,6174216.530773484,35114641.76061776,0.0,59816779.6144251,52548150.28302744,63405.5734546602,2850192.540399997,2913598.113854657,10,0.0,4.656612873077393e-10
diagnosis_base,Baseline,base,203,4919356.072068603,13608565.25096525,5851245.488302442,33532319.93822394,0.0,57911486.74956024,50875844.967008,57936.502227138706,2427431.7063999977,2485368.2086271364,10,0.0,0.0
diagnosis_base,Baseline,base,204,4919356.072068603,13608565.25096525,6090133.519190473,37518295.567567565,0.0,62136350.409791894,54588405.41005271,52801.929791216084,2544687.082399998,2597489.012191214,10,0.0,0.0
diagnosis_base,Baseline,base,205,4919356.072068603,13608565.25096525,5918936.607993561,35730557.59073359,0.0,60177415.521761,52869249.60893454,64092.35694296031,2275409.8027999983,2339502.1597429584,10,0.0,4.656612873077393e-10
diagnosis_base,Baseline,base,206,4919356.072068603,13608565.25096525,5804158.61571557,33308911.104247104,0.0,57640991.042996526,50638595.22023782,57657.126015239526,2410543.1967999977,2468200.3228152376,10,0.0,-4.656612873077393e-10
diagnosis_base,Baseline,base,207,4919356.072068603,13608565.25096525,6173087.18714414,38402881.204633206,0.0,63103889.7148112,55440711.210835315,43837.29981265029,2327020.6851999983,2370857.9850126486,10,0.0,0.0
diagnosis_base,Baseline,base,208,4919356.072068603,13608565.25096525,6181567.516994934,34578987.36679537,0.0,59288476.20682415,52083331.57200394,85601.6284402585,2591665.8523999974,2677267.480840256,10,0.0,0.0
diagnosis_base,Baseline,base,209,4919356.072068603,13608565.25096525,6215396.067453021,34618043.799227804,0.0,59361361.18971468,52149503.835368566,67866.30138536873,2881619.4687999967,2949485.770185366,10,0.0,-4.656612873077393e-10
diagnosis_base,Baseline,base,210,4919356.072068603,13608565.25096525,5845355.892042382,36115468.81853282,0.0,60488746.033609055,53139899.31697065,47752.85492899462,2429823.413599998,2477576.268528993,10,0.0,0.0
diagnosis_base,Baseline,base,211,4919356.072068603,13608565.25096525,5858714.600271554,34828658.1003861,0.0,59215294.023691505,52018681.23898689,58476.04823740243,2474431.117599998,2532907.1658374006,10,0.0,0.0
diagnosis_base,Baseline,base,212,4919356.072068603,13608565.25096525,5960185.642742597,34331716.88030888,0.0,58819823.84608533,51669669.60724172,57750.701393329444,2625563.8463999974,2683314.547793327,10,0.0,0.0
diagnosis_base,Baseline,base,213,4919356.072068603,13608565.25096525,6007289.889846843,34782288.74131274,0.0,59317499.95419344,52111412.35588246,45146.22544612913,2515298.0883999974,2560444.3138461267,10,0.0,0.0
diagnosis_base,Baseline,base,214,4919356.072068603,13608565.25096525,5856652.824209778,33722162.28571428,0.0,58106736.43295792,51049210.13352874,64448.882738293534,2440521.299999998,2504970.182738291,10,0.0,4.656612873077393e-10
diagnosis_base,Baseline,base,215,4919356.072068603,13608565.25096525,5752574.038760529,35312888.432432435,0.0,59593383.79422682,52350932.63602512,41485.62611564252,2521639.5459999978,2563125.1721156402,10,0.0,0.0
diagnosis_base,Baseline,base,216,4919356.072068603,13608565.25096525,6017926.955483909,35737952.8957529,0.0,60283801.17427066,52959327.74371672,57555.029136606776,2835373.3611999974,2892928.3903366043,10,0.0,0.0
diagnosis_base,Baseline,base,217,4919356.072068603,13608565.25096525,6184152.824209778,36688059.42857143,0.0,61400133.57581507,53941067.23731573,60878.69718772352,2419259.461199998,2480138.1583877215,10,0.0,0.0
diagnosis_base,Baseline,base,218,4919356.072068603,13608565.25096525,6092247.418804372,36608025.6988417,0.0,61228194.44067992,53788370.99640607,78999.58509139497,2085791.0555999984,2164790.6406913935,10,0.0,0.0
diagnosis_base,Baseline,base,219,4919356.072068603,13608565.25096525,5735662.841849332,35354168.52509653,0.0,59617752.68997972,52370938.2424235,38264.53786141487,2507481.553199998,2545746.091061413,10,0.0,0.0
diagnosis_base,Baseline,base,220,4919356.072068603,13608565.25096525,5925880.623437577,35666209.76061776,0.0,60120011.70708919,52815509.52038045,60989.531846466474,2248266.6915999986,2309256.223446465,10,0.0,0.0
diagnosis_base,Baseline,base,221,4919356.072068603,13608565.25096525,5742637.745324235,34835409.79150579,0.0,59105968.85986388,51920198.84670873,43371.957725715816,2382488.532799998,2425860.4905257137,10,0.0,0.0
diagnosis_base,Baseline,base,222,4919356.072068603,13608565.25096525,6128224.252781206,38084706.77992278,0.0,62740852.35573784,55118843.9323522,66532.99702219115,2081283.4583999983,2147816.4554221896,10,0.0,0.0
diagnosis_base,Baseline,base,223,4919356.072068603,13608565.25096525,5839987.1661736565,35814516.2007722,0.0,60182424.68997972,52872566.47114584,44098.46037986148,2306190.374399998,2350288.8347798595,10,0.0,0.0
diagnosis_base,Baseline,base,224,4919356.072068603,13608565.25096525,5976747.418804372,36720534.20849421,0.0,61225202.95033243,53790785.75421499,41884.41779136906,2507762.2467999975,2549646.664591367,10,0.0,-4.656612873077393e-10
diagnosis_base,Baseline,base,225,4919356.072068603,13608565.25096525,6029220.391777345,37505979.08880309,0.0,62063120.80361429,54524561.19545868,50801.28370075464,2401720.920799998,2452522.204500753,10,0.0,0.0
diagnosis_base,Baseline,base,226,4919356.072068603,13608565.25096525,6075064.021120975,37222912.185328186,0.0,61825897.52948301,54317821.38921592,49243.20268308789,2255857.709999998,2305100.912683086,10,0.0,0.0
diagnosis_base,Baseline,base,227,4919356.072068603,13608565.25096525,6005193.364750318,35639286.517374516,0.0,60172401.20515869,52861351.068097085,73608.02037863595,2261210.5275999983,2334818.547978634,10,0.0,0.0
diagnosis_base,Baseline,base,228,4919356.072068603,13608565.25096525,6355718.096145513,38458474.71814672,0.0,63342114.137326084,55645454.92511504,59904.48263017555,2267077.972399998,2326982.4550301735,10,0.0,0.0
diagnosis_base,Baseline,base,229,4919356.072068603,13608565.25096525,6042372.901429854,35990348.01544402,0.0,60560642.23990773,53203423.37116481,77947.64994454691,2379198.699599998,2457146.349544545,10,0.0,0.0
diagnosis_base,Baseline,base,230,4919356.072068603,13608565.25096525,5937432.7469897,37313234.56370656,0.0,61778588.63373011,54275738.954787225,40902.73553854614,2488985.701999998,2529888.437538544,10,0.0,0.0
diagnosis_base,Baseline,base,231,4919356.072068603,13608565.25096525,6118592.978649932,37325912.8957529,0.0,61972427.19743668,54445226.20046275,64263.96067914857,2483163.280399998,2547427.2410791465,10,0.0,4.656612873077393e-10
diagnosis_base,Baseline,base,232,4919356.072068603,13608565.25096525,6026477.148534102,33890527.69111969,0.0,58444926.16268765,51337450.45424619,79785.69335931263,2753750.1739999973,2833535.86735931,10,0.0,0.0
diagnosis_base,Baseline,base,233,4919356.072068603,13608565.25096525,5759948.556135046,35030728.27799228,0.0,59318598.157161176,52110889.32767978,41231.00698857537,2459860.100399998,2501091.1073885732,10,0.0,0.0
diagnosis_base,Baseline,base,234,4919356.072068603,13608565.25096525,6361988.366415783,38184423.44401544,0.0,63074333.13346508,55413136.659670256,66362.22453323568,2658568.056399998,2724930.2809332334,10,0.0,0.0
diagnosis_base,Baseline,base,235,4919356.072068603,13608565.25096525,5838170.198727152,37116399.32046332,0.0,61482490.84222433,54015241.37971898,43723.61280671603,2217435.4187999982,2261159.0316067142,10,0.0,0.0
diagnosis_base,Baseline,base,236,4919356.072068603,13608565.25096525,6352857.092284509,36147780.63320463,0.0,61028559.048522994,53614399.46950267,103458.92113778854,2455882.360799998,2559341.281937787,10,0.0,-4.656612873077393e-10
diagnosis_base,Baseline,base,237,4919356.072068603,13608565.25096525,6363052.072979489,36876745.57528958,0.0,61767718.97130292,54264262.75672224,68455.55272551958,2594883.8755999976,2663339.428325517,10,0.0,0.0
diagnosis_base,Baseline,base,238,4919356.072068603,13608565.25096525,6106162.47671943,36152795.49034749,0.0,60786879.290100776,53400468.7470874,82119.06327496438,2430062.557599998,2512181.6208749623,10,0.0,0.0
diagnosis_base,Baseline,base,239,4919356.072068603,13608565.25096525,6087372.901429854,36707350.3011583,0.0,61322644.52562201,53874124.38137575,60537.09321495868,2620037.4823999978,2680574.575614956,10,0.0,4.656612873077393e-10
diagnosis_base,Baseline,base,240,4919356.072068603,13608565.25096525,6350515.3934428105,38669866.16216216,0.0,63548302.87863883,55826614.47866545,50567.64733449027,2598525.4775999975,2649093.124934488,10,0.0,0.0
diagnosis_base,Baseline,base,241,4919356.072068603,13608565.25096525,5913116.144673098,35509147.83011583,0.0,59950185.29782279,52663878.50870692,74008.13427267276,2311133.173599998,2385141.3078726707,10,0.0,0.0
diagnosis_base,Baseline,base,242,4919356.072068603,13608565.25096525,6168633.519190473,36760154.81081081,0.0,61456709.65303514,53992078.026953876,56994.98382124648,2649002.697199998,2705997.6810212443,10,0.0,0.0
diagnosis_base,Baseline,base,243,4919356.072068603,13608565.25096525,6003521.550078504,34827533.65250965,0.0,59358976.52562201,52140580.640847124,73481.51107275703,2440678.213199998,2514159.724272755,10,0.0,0.0
diagnosis_base,Baseline,base,244,4919356.072068603,13608565.25096525,6391926.590354007,37541905.42084942,0.0,62461753.33423728,54876837.88583326,88634.23291136678,2447622.073199998,2536256.306111365,10,0.0,0.0
diagnosis_base,Baseline,base,245,4919356.072068603,13608565.25096525,5566967.861154351,34497379.3976834,0.0,58592268.5818716,51470426.664876744,32780.663331483585,2247373.709199998,2280154.372531482,10,0.0,-4.656612873077393e-10
diagnosis_base,Baseline,base,246,4919356.072068603,13608565.25096525,5854662.47671943,35862715.150579154,0.0,60245298.95033244,52925806.73226038,52005.37219692874,2326454.6887999983,2378460.060996927,10,0.0,0.0
diagnosis_base,Baseline,base,247,4919356.072068603,13608565.25096525,6046106.492163446,36297479.96911197,0.0,60871507.78430927,53477141.673674695,60318.24943634092,2510608.193999998,2570926.4434363386,10,0.0,0.0
diagnosis_base,Baseline,base,248,4919356.072068603,13608565.25096525,5990168.268225222,34484766.94980695,0.0,59002856.54106603,51833584.32241714,69779.95574248541,2390072.269999998,2459852.2257424835,10,0.0,0.0
diagnosis_base,Baseline,base,249,4919356.072068603,13608565.25096525,5795359.387916341,34709368.49420849,0.0,59032649.20515869,51860181.31225998,58539.684929981675,2356624.173999998,2415163.8589299796,10,0.0,0.0
diagnosis_base,Baseline,base,250,4919356.072068603,13608565.25096525,5841990.662047615,35341436.47876448,0.0,59711348.46384595,52459045.62148969,49570.10364833286,2480312.3231999977,2529882.4268483305,10,0.0,0.0
