scenario,intervention,level,location,location_code,births,delivery_share,anc,pph,maternal_sepsis,eclampsia,obstructed_labor,aph,uterine_rupture,severe_complication,maternal_deaths,maternal_deaths_per_100k,neonatal_deaths,neonatal_deaths_per_1000,iv_iron_given_anemia_anc,pph_bundle_given_pph,mgso4_given_eclampsia,antibiotics_given_sepsis,oxytocin_given_ol,c_sections_count,emergency_c_sections_count,elective_c_sections_count,c_sections_per_100_births,emergency_c_sections_per_100_births,elective_c_sections_per_100_births
diagnosis_base,Baseline,base,Home,0,236860.46,0.3496611455565397,0.10977759697712078,0.029398267696796064,0.10109371339966236,0.029058541290127398,0.05538083992895468,0.017252590027436496,0.018725804330908886,0.027555911449286364,1057.36,446.5797827128754,6547.98,27.646912130055668,0.23070185739051965,0.0,0.0,0.0,0.0,0.0,0.0,0.0,0.0,0.0,0.0
diagnosis_base,Baseline,base,L2/3,1,178028.14,0.26281095364629464,0.7313721220159097,0.009271448739897731,0.026027135493352116,0.0062623688698640765,0.014747801920817386,0.00507768088933322,0.00544910711235191,0.003160997153719768,43.12,24.246738153039356,361.68,2.0333248107312447,0.2589931125263193,0.0,0.2699800938726117,0.1350139353567669,0.0,4323.74,4323.74,0.0,2.429744546816184,2.429744546816184,0.0
diagnosis_base,Baseline,base,L4,2,180227.06,0.26605707115441396,0.8757041950625245,0.06602934952512342,0.12091567912522969,0.025087582713688182,0.05655772667152258,0.0226473215950766,0.02482749119377774,0.023006720323500193,77.06,42.782735194358445,1491.08,8.268571234893482,0.23235437411600107,0.0,0.45612634239034056,0.28436047774018286,0.0,46861.38,23005.68,23855.7,25.994656418479707,12.769280991595416,13.225375426884293
diagnosis_base,Baseline,base,L5,3,82284.34,0.12147082964275169,0.7824943725993667,0.11105173229770227,0.1989863521617441,0.040214612711028955,0.09007788076507194,0.03471322723522868,0.03838138879814494,0.09550385359905769,191.9,231.90068180046913,1306.12,15.877412392140766,0.21414740302901056,0.0,0.45839638787826154,0.28507118809905524,0.0,26032.2,19717.32,6314.88,31.62648172420717,23.959296273898566,7.667185450308601
pocus,POCUS,direct_flags,Home,0,247246.14,0.36499282550930023,0.1473220817421457,0.02905341092279672,0.09990633151606654,0.02786873144125928,0.0547269418186442,0.016742248131900853,0.01813884416502369,0.026232428726650648,1055.6,426.6788007981397,6518.52,26.35347198301336,0.23733015226329382,0.0,0.0,0.0,0.0,0.0,0.0,0.0,0.0,0.0,0.0
pocus,POCUS,direct_flags,L2/3,1,200192.9,0.2955312961322704,0.7608044176416517,0.00899518864705595,0.02517084058460385,0.005759045832716906,0.013908793252349545,0.004509051003879376,0.004953509568942118,0.002669449118784429,49.86,24.911044095412418,359.84,1.798891237653078,0.26241327196786174,0.0,0.267534722675272,0.1356780357094838,0.0,4800.34,4800.34,0.0,2.39785607851194,2.39785607851194,0.0
pocus,POCUS,direct_flags,L4,2,153262.82,0.22625157956894007,0.8539545915212723,0.08206344712802,0.13664953755677134,0.02932072644088836,0.05476341243701297,0.026548193453946496,0.028865505615149775,0.027807603015436878,73.16,47.756062020033404,1304.72,8.501755291077936,0.22677328200466917,0.0,0.4571491011746521,0.2842568955524211,0.0,65401.98,22150.4,43251.58,42.65458017852066,14.458779948960803,28.195800229559865
pocus,POCUS,direct_flags,L5,3,76698.14,0.11322429878948922,0.7670702020467859,0.12747069434338346,0.22122001146633394,0.041839921525093804,0.0896319054637244,0.037119794813747775,0.04037810521496382,0.1011278433200806,177.2,229.59181997771796,1261.58,16.45163266167413,0.20629706388206348,0.0,0.4593876453987594,0.2881349465954334,0.0,32403.44,20714.52,11688.92,42.230248025037056,27.00372091336466,15.22652711167239
intrapartum_sensors,Intrapartum sensors,direct_flags,Home,0,236860.46,0.3496611455565397,0.10977759697712078,0.029398267696796064,0.10109371339966236,0.029058541290127398,0.05538083992895468,0.017252590027436496,0.018725804330908886,0.027555911449286364,1057.36,446.5797827128754,6547.98,27.646912130055668,0.23070185739051965,0.0,0.0,0.0,0.0,0.0,0.0,0.0,0.0,0.0,0.0
intrapartum_sensors,Intrapartum sensors,direct_flags,L2/3,1,183162.98,0.2703911721287275,0.7307694313375335,0.008739622102477081,0.025215700359792714,0.006381952640837977,0.014241799432805544,0.005121486140890196,0.005567586427665441,0.003117096213083331,41.68,22.785348547835998,361.46,1.9751174618903218,0.2590980892493427,0.0,0.27006146778446055,0.13368724831802845,0.0,3610.18,3610.18,0.0,1.9724432832312024,1.9724432832312024,0.0
intrapartum_sensors,Intrapartum sensors,direct_flags,L4,2,177836.28,0.26252772364924715,0.8779036104262654,0.06232783610624571,0.1163293578445508,0.02532487895238341,0.05695109744124467,0.022856199093583208,0.02506776267013909,0.022145374392910734,61.06,34.37560468965044,1481.66,8.3268211884523,0.23192087919561616,0.0,0.456064462640204,0.2837304301258275,0.0,43205.84,19350.14,23855.7,24.287474110436403,10.884185047488524,13.403289062947874
intrapartum_sensors,Intrapartum sensors,direct_flags,L5,3,79540.28,0.11741995866548567,0.7850936360757749,0.10341846389866262,0.1915623967679965,0.041209992169606115,0.09237778712823747,0.03569941987086776,0.03929436724559097,0.09248286610435047,145.44,181.77494106391555,1290.0,16.222620043045865,0.21327465105263477,0.0,0.45926404769816215,0.2852097954775104,0.0,22580.42,16265.54,6314.88,28.369313079267112,20.437144574173743,7.93216850509337
ai_intrapartum_sensors,AI Intrapartum sensors,direct_flags,Home,0,236860.46,0.3496611455565397,0.10977759697712078,0.029398267696796064,0.10109371339966236,0.029058541290127398,0.05538083992895468,0.017252590027436496,0.018725804330908886,0.027555911449286364,1057.36,446.5797827128754,6547.98,27.646912130055668,0.23070185739051965,0.0,0.0,0.0,0.0,0.0,0.0,0.0,0.0,0.0,0.0
ai_intrapartum_sensors,AI Intrapartum sensors,direct_flags,L2/3,1,186460.46,0.27525901978151757,0.7309033288959803,0.00837030969664114,0.02457264549463074,0.006395798943902088,0.013421450509350018,0.005099664797282471,0.005564461095700551,0.0030417079840497716,42.3,22.712950349210786,356.86,1.9155434323820788,0.2590727966662125,0.0,0.268335233038874,0.13410937035068074,0.0,3197.86,3197.86,0.0,1.7164856299568427,1.7164856299568427,0.0
ai_intrapartum_sensors,AI Intrapartum sensors,direct_flags,L4,2,176276.78,0.26022553882491883,0.8792588049207661,0.0594936456766356,0.11265328043298853,0.025579033730597583,0.05547111147029726,0.023058310296526056,0.025271932527859853,0.021738065735198625,60.4,34.28721120720886,1464.74,8.303685861177435,0.23144675734525078,0.0,0.4560304286892645,0.2830473312840318,0.0,40714.66,16858.96,23855.7,23.08588722177809,9.563780624494562,13.52210659728353
ai_intrapartum_sensors,AI Intrapartum sensors,direct_flags,L5,3,77802.3,0.11485429583702392,0.7858914734724907,0.0987014997656385,0.1863965561182951,0.041791818877468315,0.09107685736805468,0.0363337841547129,0.03998764925108709,0.0912759470394086,127.36,162.73050465005727,1264.98,16.257685167365484,0.21319227689746323,0.0,0.45963653299325463,0.2853415117074021,0.0,20613.9,14299.02,6314.88,26.474474854572122,18.36478791230145,8.109686942270674
