scenario,intervention,level,run,births,maternal_dalys,neonatal_dalys,total_dalys,maternal_dalys_per_100k,neonatal_dalys_per_100k,total_dalys_per_100k
diagnosis_base,Baseline,base,201,677400,46475.37752803885,2513209.3192,2559684.6967280386,6860.8469926245725,371008.16640094476,377869.01339356933
pocus,POCUS,direct_flags,201,677400,48811.276257671925,2476921.3548,2525732.6310576717,7205.679990798926,365651.2186005314,372856.89859133033
intrapartum_sensors,Intrapartum sensors,direct_flags,201,677400,44574.85684547345,2509535.1188,2554109.975645473,6580.285923453417,370465.7689400649,377046.05486351834
ai_intrapartum_sensors,AI Intrapartum sensors,direct_flags,201,677400,44245.65209123733,2489805.0708,2534050.7228912376,6531.68764263911,367553.1548272807,374084.8424699199
diagnosis_base,Baseline,base,202,677400,63405.573454659796,2850192.5404,2913598.1138546597,9360.137799625007,420754.72990847356,430114.86770809855
pocus,POCUS,direct_flags,202,677400,62857.77536885812,2775599.5856,2838457.360968858,9279.270057404505,409743.07434307644,419022.3444004809
intrapartum_sensors,Intrapartum sensors,direct_flags,202,677400,61062.57429296657,2846691.8864,2907754.4606929664,9014.256612483994,420237.9519338648,429252.2085463488
ai_intrapartum_sensors,AI Intrapartum sensors,direct_flags,202,677400,61453.4749247063,2819941.8264,2881395.301324706,9071.962640198746,416289.0207263064,425360.9833665052
diagnosis_base,Baseline,base,203,677400,57936.50222713883,2427431.7063999996,2485368.2086271388,8552.775646167527,358345.3950989075,366898.1707450751
pocus,POCUS,direct_flags,203,677400,56987.56514521551,2392235.7884,2449223.3535452154,8412.690455449589,353149.65875405964,361562.3492095092
intrapartum_sensors,Intrapartum sensors,direct_flags,203,677400,56324.2127863051,2423097.2547999998,2479421.467586305,8314.764214098774,357705.5291998818,366020.2934139807
ai_intrapartum_sensors,AI Intrapartum sensors,direct_flags,203,677400,54885.3001009327,2406513.3532,2461398.6533009326,8102.347224820299,355257.3594921759,363359.70671699627
diagnosis_base,Baseline,base,204,677400,52801.92979121631,2544687.0823999997,2597489.0121912165,7794.793296607072,375655.016592855,383449.80988946214
pocus,POCUS,direct_flags,204,677400,51391.90686775303,2481855.3364,2533247.243267753,7586.641108319019,366379.5890758784,373966.2301841974
intrapartum_sensors,Intrapartum sensors,direct_flags,204,677400,49708.29773212495,2541127.9116,2590836.2093321253,7338.101230015493,375129.60017714795,382467.70140716346
ai_intrapartum_sensors,AI Intrapartum sensors,direct_flags,204,677400,49270.37174392379,2517230.5456,2566500.917343924,7273.453165622052,371601.7929731326,378875.2461387546
diagnosis_base,Baseline,base,205,677400,64092.35694296047,2275409.8027999997,2339502.1597429602,9461.523020809043,335903.425273103,345364.94829391205
pocus,POCUS,direct_flags,205,677400,62219.519203377655,2246495.2224,2308714.7416033773,9185.048598077597,331634.96049601416,340820.0090940917
intrapartum_sensors,Intrapartum sensors,direct_flags,205,677400,59439.963072567676,2274066.7887999997,2333506.7518725675,8774.721445610818,335705.1651609093,344479.88660652016
ai_intrapartum_sensors,AI Intrapartum sensors,direct_flags,205,677400,58855.93531081284,2251926.1292000003,2310782.0645108125,8688.505360320763,332436.6886920579,341125.1940523786
diagnosis_base,Baseline,base,206,677400,57657.126015239905,2410543.1968,2468200.3228152394,8511.533217484484,355852.2581635666,364363.791381051
pocus,POCUS,direct_flags,206,677400,58202.863463563284,2381291.6103999997,2439494.4738635635,8592.09676167158,351534.0434602893,360126.14022196096
intrapartum_sensors,Intrapartum sensors,direct_flags,206,677400,55189.78144543338,2406722.9716,2461912.753045433,8147.295755156979,355288.30404487747,363435.5998000344
ai_intrapartum_sensors,AI Intrapartum sensors,direct_flags,206,677400,54235.34356755877,2388464.6612,2442700.0047675585,8006.398518978265,352592.95264245645,360599.35116143466
diagnosis_base,Baseline,base,207,677400,43837.29981265028,2327020.6851999997,2370857.98501265,6471.405345829684,343522.3922645409,349993.79761037056
pocus,POCUS,direct_flags,207,677400,42865.561074455814,2273706.6032,2316572.164274456,6327.954100155862,335651.99338647764,341979.9474866336
intrapartum_sensors,Intrapartum sensors,direct_flags,207,677400,42006.032224622235,2322754.3027999997,2364760.3350246223,6201.067644615034,342892.57496309414,349093.6426077092
ai_intrapartum_sensors,AI Intrapartum sensors,direct_flags,207,677400,41307.779833200584,2302047.7724,2343355.5522332005,6097.989346501415,339835.8093297904,345933.7986762918
diagnosis_base,Baseline,base,208,677400,85601.62844025795,2591665.8524,2677267.480840258,12636.791916188064,382590.1760259817,395226.96794216975
pocus,POCUS,direct_flags,208,677400,84447.27105363057,2555204.2748,2639651.5458536306,12466.381909304779,377207.59887806315,389673.98078736797
intrapartum_sensors,Intrapartum sensors,direct_flags,208,677400,82622.73244246628,2588916.9656,2671539.6980424663,12197.037561627736,382184.37638027756,394381.4139419053
ai_intrapartum_sensors,AI Intrapartum sensors,direct_flags,208,677400,81630.65628572777,2565224.0075999997,2646854.6638857275,12050.584039818095,378686.7445527014,390737.32859251957
diagnosis_base,Baseline,base,209,677400,67866.30138536864,2881619.4688,2949485.770185369,10018.645022936027,425394.0757012105,435412.7207241466
pocus,POCUS,direct_flags,209,677400,68890.63223144543,2809014.6156,2877905.247831445,10169.860087311106,414675.9101860053,424845.7702733164
intrapartum_sensors,Intrapartum sensors,direct_flags,209,677400,65275.69025968384,2875771.3292,2941047.019459684,9636.210549111875,424530.75423678773,434166.9647858996
ai_intrapartum_sensors,AI Intrapartum sensors,direct_flags,209,677400,64223.84658322683,2854423.2516,2918647.098183227,9480.933950874936,421379.28131089464,430860.2152617695
diagnosis_base,Baseline,base,210,677400,47752.85492899473,2429823.4135999996,2477576.2685289946,7049.4323780624045,358698.4667257159,365747.89910377836
pocus,POCUS,direct_flags,210,677400,46561.01711892965,2383465.2155999998,2430026.2327189296,6873.489388681673,351854.9181576616,358728.40754634334
intrapartum_sensors,Intrapartum sensors,direct_flags,210,677400,45485.857179265266,2424423.9028,2469909.759979265,6714.7707675325155,357901.37330971356,364616.1440772461
ai_intrapartum_sensors,AI Intrapartum sensors,direct_flags,210,677400,45253.4945021295,2410326.5644,2455580.0589021295,6680.46863037046,355820.27818128135,362500.74681165186
diagnosis_base,Baseline,base,211,677400,58476.04823740253,2474431.1175999995,2532907.1658374025,8632.425190050566,365283.6016533805,373916.0268434311
pocus,POCUS,direct_flags,211,677400,58096.20799933007,2415447.4524,2473543.66039933,8576.35193376588,356576.2403897254,365152.5923234913
intrapartum_sensors,Intrapartum sensors,direct_flags,211,677400,56249.26778891687,2465894.0776,2522143.345388917,8303.700588856935,364023.3359315028,372327.03652035975
ai_intrapartum_sensors,AI Intrapartum sensors,direct_flags,211,677400,55320.21306388765,2449560.0747999996,2504880.287863888,8166.550496588079,361612.05710067897,369778.6075972672
diagnosis_base,Baseline,base,212,677400,57750.70139332951,2625563.8463999997,2683314.5477933297,8525.347120361605,387594.30859167397,396119.65571203566
pocus,POCUS,direct_flags,212,677400,58088.250204177166,2563137.71,2621225.9602041775,8575.177178059812,378378.75848833774,386953.9356663976
intrapartum_sensors,Intrapartum sensors,direct_flags,212,677400,55518.520063336255,2617603.3571999995,2673121.877263336,8195.825223403639,386419.15518157656,394614.9804049802
ai_intrapartum_sensors,AI Intrapartum sensors,direct_flags,212,677400,55157.37077244435,2604841.8852,2659999.2559724445,8142.511185775666,384535.2650132861,392677.7761990618
diagnosis_base,Baseline,base,213,677400,45146.2254461292,2515298.0884,2560444.313846129,6664.633222044465,371316.5173309713,377981.15055301576
pocus,POCUS,direct_flags,213,677400,44968.837352662944,2458148.7512,2503117.588552663,6638.446612439171,362879.9455565397,369518.3921689789
intrapartum_sensors,Intrapartum sensors,direct_flags,213,677400,44112.30354448515,2509144.8732,2553257.176744485,6512.0022947276575,370408.15961027454,376920.1619050022
ai_intrapartum_sensors,AI Intrapartum sensors,direct_flags,213,677400,43930.47192958777,2493153.4208,2537083.892729588,6485.159717978709,368047.44918807206,374532.6089060508
diagnosis_base,Baseline,base,214,677400,64448.88273829348,2440521.3,2504970.1827382934,9514.154522924931,360277.7236492471,369791.878172172
pocus,POCUS,direct_flags,214,677400,63366.37039530026,2374330.8499999996,2437697.2203953,9354.350515987639,350506.4732801889,359860.8237961766
intrapartum_sensors,Intrapartum sensors,direct_flags,214,677400,62397.25517388657,2434128.0724,2496525.3275738866,9211.286562427897,359333.9345143194,368545.22107674734
ai_intrapartum_sensors,AI Intrapartum sensors,direct_flags,214,677400,61045.977154734195,2417634.6848,2478680.661954734,9011.806488741393,356899.12677886034,365910.9332676017
diagnosis_base,Baseline,base,215,677400,41485.62611564241,2521639.546,2563125.1721156426,6124.243595459464,372252.6640094479,378376.90760490735
pocus,POCUS,direct_flags,215,677400,41527.72261532358,2478668.442,2520196.1646153233,6130.45801820543,365909.1293179805,372039.5873361859
intrapartum_sensors,Intrapartum sensors,direct_flags,215,677400,40452.33646381527,2518028.0708,2558480.4072638154,5971.706002925195,371719.52624741656,377691.2322503418
ai_intrapartum_sensors,AI Intrapartum sensors,direct_flags,215,677400,40555.212100217585,2499466.8224,2540022.034500218,5986.892840303747,368979.4541482137,374966.34698851756
diagnosis_base,Baseline,base,216,677400,57555.02913660683,2835373.3612,2892928.3903366067,8496.461342870803,418567.0742840272,427063.53562689794
pocus,POCUS,direct_flags,216,677400,59057.53186706473,2788621.5108000003,2847679.042667065,8718.26570225343,411665.4134632419,420383.6791654952
intrapartum_sensors,Intrapartum sensors,direct_flags,216,677400,54408.892219240006,2828816.4736,2883225.36581924,8032.018337649839,417599.1251254798,425631.14346312964
ai_intrapartum_sensors,AI Intrapartum sensors,direct_flags,216,677400,53755.880290307374,2806065.9968,2859821.8770903074,7935.61858433826,414240.6254502509,422176.2440345892
diagnosis_base,Baseline,base,217,677400,60878.697187723796,2419259.4612000003,2480138.158387724,8987.112073770859,357138.9815766165,366126.09365038737
pocus,POCUS,direct_flags,217,677400,60219.51317582401,2386874.0196,2447093.532775824,8889.801177417185,352358.13693534106,361247.9381127582
intrapartum_sensors,Intrapartum sensors,direct_flags,217,677400,58728.75500458447,2413460.5532,2472189.3082045848,8669.730588217371,356282.9278417479,364952.6584299653
ai_intrapartum_sensors,AI Intrapartum sensors,direct_flags,217,677400,57321.12622639694,2402067.7464,2459388.872626397,8461.931831472828,354601.0844995571,363063.01633102994
diagnosis_base,Baseline,base,218,677400,78999.58509139507,2085791.0556,2164790.640691395,11662.176718540755,307911.2866253322,319573.46334387286
pocus,POCUS,direct_flags,218,677400,75908.18229269632,2064470.2323999999,2140378.414692696,11205.813742647819,304763.83708296425,315969.6508256121
intrapartum_sensors,Intrapartum sensors,direct_flags,218,677400,75693.61195106406,2082895.7432,2158589.3551510638,11174.138168152356,307483.8711544139,318658.0093225663
ai_intrapartum_sensors,AI Intrapartum sensors,direct_flags,218,677400,74215.63764205168,2074062.7791999998,2148278.416842052,10955.954774439278,306179.92016533803,317135.87493977736
diagnosis_base,Baseline,base,219,677400,38264.53786141503,2507481.5532,2545746.091061415,5648.736029143052,370162.61488042516,375811.35090956825
pocus,POCUS,direct_flags,219,677400,39284.406202570004,2446634.7024,2485919.10860257,5799.29232396959,361180.2040744021,366979.4963983717
intrapartum_sensors,Intrapartum sensors,direct_flags,219,677400,36860.85797688475,2504318.3728,2541179.2307768846,5441.520220975014,369695.65586064366,375137.17608161864
ai_intrapartum_sensors,AI Intrapartum sensors,direct_flags,219,677400,36843.408270463195,2483319.5923999995,2520163.000670464,5438.9442383323285,366595.7473280188,372034.69156635134
diagnosis_base,Baseline,base,220,677400,60989.53184646649,2248266.6916,2309256.2234464665,9003.473848016902,331896.47056392086,340899.9444119378
pocus,POCUS,direct_flags,220,677400,59865.11923066285,2211045.264,2270910.383230663,8837.484385985068,326401.72187776794,335239.206263753
intrapartum_sensors,Intrapartum sensors,direct_flags,220,677400,58787.24192030383,2244005.3859999995,2302792.6279203035,8678.364617700594,331267.402716268,339945.7673339686
ai_intrapartum_sensors,AI Intrapartum sensors,direct_flags,220,677400,57923.486672224404,2230102.9699999997,2288026.456672224,8550.854247449719,329215.0826690286,337765.9369164783
diagnosis_base,Baseline,base,221,677400,43371.95772571556,2382488.5327999997,2425860.4905257155,6402.7100274159375,351710.7370534396,358113.44708085555
pocus,POCUS,direct_flags,221,677400,43614.0784829613,2354179.1604000004,2397793.238882961,6438.452684228121,347531.61505757313,353970.06774180115
intrapartum_sensors,Intrapartum sensors,direct_flags,221,677400,41755.54565408682,2376429.3720000004,2418184.917654087,6164.089999127076,350816.26395039866,356980.3539495257
ai_intrapartum_sensors,AI Intrapartum sensors,direct_flags,221,677400,41520.952584450366,2364038.5064,2405559.45898445,6129.458604140887,348987.083909064,355116.54251320485
diagnosis_base,Baseline,base,222,677400,66532.99702219077,2081283.4584,2147816.455422191,9821.818279036133,307245.86040744017,317067.67868647637
pocus,POCUS,direct_flags,222,677400,66245.44994432839,2055222.1731999998,2121467.6231443286,9779.369640438203,303398.6083850015,313177.9780254397
intrapartum_sensors,Intrapartum sensors,direct_flags,222,677400,63326.295261441184,2077804.5812,2141130.876461441,9348.434493864952,306732.29719515797,316080.7316890229
ai_intrapartum_sensors,AI Intrapartum sensors,direct_flags,222,677400,61941.789025414946,2067927.2659999998,2129869.0550254146,9144.049162299223,305274.17567168584,314418.22483398503
diagnosis_base,Baseline,base,223,677400,44098.46037986135,2306190.3744,2350288.8347798614,6509.958721562053,340447.35376439325,346957.31248595536
pocus,POCUS,direct_flags,223,677400,43633.1600555395,2274989.7643999998,2318622.9244555393,6441.269568281591,335841.4178328904,342282.68740117206
intrapartum_sensors,Intrapartum sensors,direct_flags,223,677400,42867.15534484394,2300971.8248,2343838.980144844,6328.18945155653,339676.9744316504,346005.16388320696
ai_intrapartum_sensors,AI Intrapartum sensors,direct_flags,223,677400,42331.31999107276,2289074.2103999997,2331405.530391073,6249.087686901796,337920.6097431355,344169.6974300373
diagnosis_base,Baseline,base,224,677400,41884.41779136911,2507762.2468,2549646.664591369,6183.1145248551975,370204.05178624147,376387.16631109675
pocus,POCUS,direct_flags,224,677400,43041.67776361562,2454204.4784000004,2497246.1561636156,6353.95302090576,362297.6791260703,368651.632146976
intrapartum_sensors,Intrapartum sensors,direct_flags,224,677400,40084.27683085488,2499972.632,2540056.908830855,5917.371838035854,369054.12341304997,374971.4952510858
ai_intrapartum_sensors,AI Intrapartum sensors,direct_flags,224,677400,39303.15567607335,2486627.5283999997,2525930.684076073,5802.060182473184,367084.0756421612,372886.13582463434
diagnosis_base,Baseline,base,225,677400,50801.28370075436,2401720.9208,2452522.2045007544,7499.451387770055,354549.8849719516,362049.33635972167
pocus,POCUS,direct_flags,225,677400,49408.35754136791,2357600.6563999997,2407009.013941368,7293.823079623252,348036.7074697372,355330.5305493605
intrapartum_sensors,Intrapartum sensors,direct_flags,225,677400,48668.93702358026,2396705.1092,2445374.0462235804,7184.667408263989,353809.43448479474,360994.1018930588
ai_intrapartum_sensors,AI Intrapartum sensors,direct_flags,225,677400,48465.81138697565,2379926.018,2428391.8293869756,7154.6813384965535,351332.45025095955,358487.1315894561
diagnosis_base,Baseline,base,226,677400,49243.20268308755,2255857.71,2305100.9126830874,7269.442380142832,333017.08148804255,340286.5238681853
pocus,POCUS,direct_flags,226,677400,48048.65217083952,2226432.1763999998,2274480.8285708395,7093.098932807725,328673.18813108944,335766.2870638972
intrapartum_sensors,Intrapartum sensors,direct_flags,226,677400,47390.13380748672,2252203.2824,2299593.4162074868,6995.8863016661835,332477.6029524653,339473.4892541315
ai_intrapartum_sensors,AI Intrapartum sensors,direct_flags,226,677400,47053.0543165104,2236524.7879999997,2283577.84231651,6946.125526499912,330163.09241216414,337109.217938664
diagnosis_base,Baseline,base,227,677400,73608.02037863593,2261210.5275999997,2334818.547978636,10866.256329884254,333807.2819013876,344673.5382312719
pocus,POCUS,direct_flags,227,677400,74406.03635948012,2230527.3504,2304933.3867594805,10984.062054839109,329277.7310894597,340261.7931442989
intrapartum_sensors,Intrapartum sensors,direct_flags,227,677400,69918.41547957153,2257620.0275999997,2327538.4430795712,10321.58480655027,333277.24056687334,343598.8253734236
ai_intrapartum_sensors,AI Intrapartum sensors,direct_flags,227,677400,68285.28410937655,2244550.8079999997,2312836.092109376,10080.496620811418,331347.9196929436,341428.416313755
diagnosis_base,Baseline,base,228,677400,59904.48263017537,2267077.9724000003,2326982.455030175,8843.2953395594,334673.4532624742,343516.7486020335
pocus,POCUS,direct_flags,228,677400,57267.99805385685,2225092.302,2282360.300053857,8454.088877156311,328475.39149689995,336929.4803740562
intrapartum_sensors,Intrapartum sensors,direct_flags,228,677400,56734.88961829386,2264008.4455999997,2320743.3352182936,8375.38966907202,334220.3196929436,342595.7093620156
ai_intrapartum_sensors,AI Intrapartum sensors,direct_flags,228,677400,55718.323869284,2244785.8104,2300504.1342692836,8225.320913682315,331382.6115146147,339607.93242829695
diagnosis_base,Baseline,base,229,677400,77947.64994454727,2379198.6995999995,2457146.349544547,11506.88661714604,351225.0811337466,362731.9677508927
pocus,POCUS,direct_flags,229,677400,78759.16073001217,2350823.8632,2429583.0239300122,11626.684489225298,347036.2951284323,358662.97961765755
intrapartum_sensors,Intrapartum sensors,direct_flags,229,677400,74028.45052243929,2375517.6856,2449546.136122439,10928.321600596295,350681.67782698554,361609.9994275818
ai_intrapartum_sensors,AI Intrapartum sensors,direct_flags,229,677400,73114.11293337887,2359791.0952,2432905.208133379,10793.34409999688,348360.0671981104,359153.4112981073
diagnosis_base,Baseline,base,230,677400,40902.73553854639,2488985.7019999996,2529888.4375385465,6038.1953850821355,367432.196929436,373470.3923145182
pocus,POCUS,direct_flags,230,677400,42021.861000752666,2441475.7384,2483497.599400752,6203.404340235114,360418.6209625037,366622.02530273877
intrapartum_sensors,Intrapartum sensors,direct_flags,230,677400,39751.21102764833,2486867.3404,2526618.5514276484,5868.20357656456,367119.4774726897,372987.68104925426
ai_intrapartum_sensors,AI Intrapartum sensors,direct_flags,230,677400,39540.28901817744,2465178.2488,2504718.5378181776,5837.066580776121,363917.6629465604,369754.7295273365
diagnosis_base,Baseline,base,231,677400,64263.96067914889,2483163.2804,2547427.241079149,9486.85572470459,366572.6720401535,376059.5277648581
pocus,POCUS,direct_flags,231,677400,62152.352815668535,2426009.1336000003,2488161.4864156684,9175.133276597067,358135.39025686454,367310.52353346156
intrapartum_sensors,Intrapartum sensors,direct_flags,231,677400,60696.08106819885,2482505.0999999996,2543201.1810681988,8960.153685887046,366475.5093002657,375435.66298615275
ai_intrapartum_sensors,AI Intrapartum sensors,direct_flags,231,677400,60338.762595075576,2457176.4772,2517515.2397950757,8907.40516608733,362736.4152937703,371643.82045985764
diagnosis_base,Baseline,base,232,677400,79785.69335931337,2753750.174,2833535.867359313,11778.224588029727,406517.592855034,418295.81744306366
pocus,POCUS,direct_flags,232,677400,78482.60793148173,2692698.648,2771181.2559314817,11585.858862043362,397504.9672276351,409090.8260896784
intrapartum_sensors,Intrapartum sensors,direct_flags,232,677400,75954.68967780024,2745336.4468,2821291.1364778006,11212.679314703313,405275.5309713611,416488.2102860645
ai_intrapartum_sensors,AI Intrapartum sensors,direct_flags,232,677400,74884.63131161731,2729584.4056,2804469.036911617,11054.713804490302,402950.1632122823,414004.8770167725
diagnosis_base,Baseline,base,233,677400,41231.00698857535,2459860.1004,2501091.107388575,6086.655888481746,363132.58051372896,369219.23640221066
pocus,POCUS,direct_flags,233,677400,42852.14056648039,2422564.3244,2465416.46496648,6325.972920944846,357626.8562739887,363952.82919493364
intrapartum_sensors,Intrapartum sensors,direct_flags,233,677400,39758.376616098874,2457149.7572,2496908.1338160983,5869.261384130333,362732.4708001181,368601.73218424834
ai_intrapartum_sensors,AI Intrapartum sensors,direct_flags,233,677400,39011.09133665848,2435361.6679999996,2474372.7593366583,5758.944690974089,359516.0419250073,365274.98661598144
diagnosis_base,Baseline,base,234,677400,66362.22453323579,2658568.0564,2724930.280933236,9796.608286571567,392466.49784470035,402263.1061312719
pocus,POCUS,direct_flags,234,677400,63452.60024146411,2584965.946,2648418.5462414636,9367.080047455582,381601.1139651609,390968.1940126164
intrapartum_sensors,Intrapartum sensors,direct_flags,234,677400,61873.371918036544,2655067.7364,2716941.1083180364,9133.94920549698,391949.76917626214,401083.7183817592
ai_intrapartum_sensors,AI Intrapartum sensors,direct_flags,234,677400,60754.619762811526,2632308.108,2693062.727762812,8968.795359139582,388589.9185119575,397558.71387109713
diagnosis_base,Baseline,base,235,677400,43723.61280671628,2217435.4188,2261159.031606716,6454.622498777129,327345.0573959256,333799.67989470274
pocus,POCUS,direct_flags,235,677400,42567.13351867594,2187666.266,2230233.399518676,6283.89924987835,322950.43785060523,329234.33710048365
intrapartum_sensors,Intrapartum sensors,direct_flags,235,677400,41661.30639517892,2214350.3276,2256011.633995179,6150.178091995707,326889.62615884264,333039.80425083835
ai_intrapartum_sensors,AI Intrapartum sensors,direct_flags,235,677400,41381.89712690429,2199450.5208,2240832.4179269043,6108.930783422541,324690.06802480074,330798.99880822323
diagnosis_base,Baseline,base,236,677400,103458.92113778842,2455882.3608,2559341.2819377882,15272.943775876649,362545.3736049601,377818.31738083676
pocus,POCUS,direct_flags,236,677400,102901.68797909722,2426849.6780000003,2529751.365979097,15190.683197386656,358259.4741659286,373450.1573633152
intrapartum_sensors,Intrapartum sensors,direct_flags,236,677400,97245.21854598881,2449863.8812,2547109.099745989,14355.65670888527,361656.9059935046,376012.56270238984
ai_intrapartum_sensors,AI Intrapartum sensors,direct_flags,236,677400,95033.13622597545,2431924.4072000002,2526957.5434259754,14029.10189341238,359008.62226158846,373037.72415500076
diagnosis_base,Baseline,base,237,677400,68455.5527255197,2594883.8756,2663339.42832552,10105.632229926143,383065.23111898435,393170.8633489105
pocus,POCUS,direct_flags,237,677400,67123.00347339774,2533364.3488,2600487.352273398,9908.916957986085,373983.5176852672,383892.43464325333
intrapartum_sensors,Intrapartum sensors,direct_flags,237,677400,65623.3860374102,2586825.0568,2652448.44283741,9687.538535194892,381875.5619722468,391563.10050744173
ai_intrapartum_sensors,AI Intrapartum sensors,direct_flags,237,677400,64736.208095486356,2574440.3367999997,2639176.544895486,9556.570430393616,380047.2891644523,389603.8595948459
diagnosis_base,Baseline,base,238,677400,82119.06327496457,2430062.5576,2512181.6208749646,12122.684274426421,358733.76994390314,370856.4542183296
pocus,POCUS,direct_flags,238,677400,79801.77386711581,2385255.3219999997,2465057.095867116,11780.598445101243,352119.17950989073,363899.777954992
intrapartum_sensors,Intrapartum sensors,direct_flags,238,677400,79142.73460288503,2426864.374,2506007.108602885,11683.30891687113,358261.64363743726,369944.9525543084
ai_intrapartum_sensors,AI Intrapartum sensors,direct_flags,238,677400,78125.29189325676,2408163.1796,2486288.4714932567,11533.110701691283,355500.91225273104,367034.02295442234
diagnosis_base,Baseline,base,239,677400,60537.09321495856,2620037.4824,2680574.5756149585,8936.683379828544,386778.48869205784,395715.1720718864
pocus,POCUS,direct_flags,239,677400,58505.02563052479,2567008.4359999998,2625513.4616305246,8636.702927446826,378950.1677000295,387586.8706274763
intrapartum_sensors,Intrapartum sensors,direct_flags,239,677400,57171.18066768029,2618693.6668,2675864.84746768,8439.796378458856,386580.1102450546,395019.90662351344
ai_intrapartum_sensors,AI Intrapartum sensors,direct_flags,239,677400,56461.13937368513,2590263.3864,2646724.525773685,8334.97776405154,382383.13941541186,390718.1171794634
diagnosis_base,Baseline,base,240,677400,50567.647334490124,2598525.4776,2649093.12493449,7464.9612244597165,383602.8162976085,391067.7775220682
pocus,POCUS,direct_flags,240,677400,48878.15498337324,2527501.1792,2576379.334183373,7215.552846674526,373117.9774431651,380333.53028983955
intrapartum_sensors,Intrapartum sensors,direct_flags,240,677400,47904.91750442656,2592268.3216,2640173.2391044265,7071.880351996834,382679.11449660466,389750.9948486015
ai_intrapartum_sensors,AI Intrapartum sensors,direct_flags,240,677400,47056.031726785215,2570928.0596000003,2617984.0913267853,6946.565061527195,379528.79533510486,386475.360396632
diagnosis_base,Baseline,base,241,677400,74008.13427267247,2311133.1736,2385141.3078726726,10925.322449464491,341177.0259226454,352102.34837210993
pocus,POCUS,direct_flags,241,677400,72607.2806821785,2280270.8388,2352878.1194821787,10718.523868051152,336621.0272807795,347339.5511488306
intrapartum_sensors,Intrapartum sensors,direct_flags,241,677400,69880.59581099608,2310253.952,2380134.547810996,10316.001743577808,341047.23235901975,351363.2341025976
ai_intrapartum_sensors,AI Intrapartum sensors,direct_flags,241,677400,68208.6081372645,2286208.8912,2354417.4993372643,10069.177463428476,337497.62196634186,347566.7994297703
diagnosis_base,Baseline,base,242,677400,56994.98382124645,2649002.6972,2705997.6810212466,8413.785624630418,391054.42828461766,399468.2139092481
pocus,POCUS,direct_flags,242,677400,56263.18709096272,2587504.2791999998,2643767.466290963,8305.755401677401,381975.8310008857,390281.5864025632
intrapartum_sensors,Intrapartum sensors,direct_flags,242,677400,54922.014217592994,2641073.4036,2695995.417817593,8107.767082608945,389883.88007085916,397991.6471534681
ai_intrapartum_sensors,AI Intrapartum sensors,direct_flags,242,677400,54242.76380384549,2623085.7668,2677328.5306038456,8007.493918489147,387228.4863891349,395235.9803076241
diagnosis_base,Baseline,base,243,677400,73481.51107275701,2440678.2132,2514159.724272757,10847.58061304355,360300.88768821966,371148.4683012632
pocus,POCUS,direct_flags,243,677400,73239.24446150703,2400183.3184,2473422.562861507,10811.816424786984,354322.8990847358,365134.7155095227
intrapartum_sensors,Intrapartum sensors,direct_flags,243,677400,69786.75162614297,2434252.2536,2504039.005226143,10302.148158568492,359352.26654856803,369654.4147071366
ai_intrapartum_sensors,AI Intrapartum sensors,direct_flags,243,677400,66787.93015995549,2422570.0692,2489357.999359955,9859.45234129842,357627.704340124,367487.1566814224
diagnosis_base,Baseline,base,244,677400,88634.23291136656,2447622.0732,2536256.3061113665,13084.47489096052,361325.962976085,374410.4378670456
pocus,POCUS,direct_flags,244,677400,85260.20324362787,2382333.9576,2467594.160843628,12586.389613762602,351687.9181576616,364274.3077714243
intrapartum_sensors,Intrapartum sensors,direct_flags,244,677400,84033.29037352404,2442393.5704,2526426.860773524,12405.268729483914,360554.11431945674,372959.3830489406
ai_intrapartum_sensors,AI Intrapartum sensors,direct_flags,244,677400,82915.51622266317,2421561.5227999995,2504477.0390226636,12240.259259324353,357478.81942722166,369719.0786865462
diagnosis_base,Baseline,base,245,677400,32780.66333148347,2247373.7092000004,2280154.372531483,4839.188563844622,331764.64558606443,336603.8341499089
pocus,POCUS,direct_flags,245,677400,34441.24366620877,2209146.7411999996,2243587.9848662084,5084.32885536002,326121.45574254496,331205.78459790495
intrapartum_sensors,Intrapartum sensors,direct_flags,245,677400,31436.009104264696,2241948.2132,2273384.222304264,4640.686315952863,330963.71614998527,335604.402465938
ai_intrapartum_sensors,AI Intrapartum sensors,direct_flags,245,677400,31445.989085563648,2227721.6836,2259167.6726855636,4642.159593381111,328863.5493947446,333505.7089881257
diagnosis_base,Baseline,base,246,677400,52005.37219692873,2326454.6887999997,2378460.0609969283,7677.2028634379585,343438.8380277531,351116.0408911911
pocus,POCUS,direct_flags,246,677400,51507.849573373234,2288579.5564,2340087.405973373,7603.756949125072,337847.58730439923,345451.3442535242
intrapartum_sensors,Intrapartum sensors,direct_flags,246,677400,49586.9962522758,2323858.106,2373445.1022522757,7320.194309459079,343055.52199586655,350375.7163053256
ai_intrapartum_sensors,AI Intrapartum sensors,direct_flags,246,677400,48784.066369840555,2303665.5347999996,2352449.6011698404,7201.663178305367,340074.62869796273,347276.29187626817
diagnosis_base,Baseline,base,247,677400,60318.24943634077,2510608.194,2570926.4434363404,8904.376946610682,370624.1798051373,379528.5567517479
pocus,POCUS,direct_flags,247,677400,62518.86369001646,2449609.7072,2512128.5708900164,9229.238808682678,361619.38399763807,370848.6228063207
intrapartum_sensors,Intrapartum sensors,direct_flags,247,677400,57613.14238213018,2506502.3988,2564115.5411821296,8505.0402099395,370018.0689105403,378523.1091204797
ai_intrapartum_sensors,AI Intrapartum sensors,direct_flags,247,677400,57211.48577796418,2487302.2084,2544513.6941779642,8445.746350452344,367183.6741068792,375629.4204573316
diagnosis_base,Baseline,base,248,677400,69779.95574248553,2390072.27,2459852.225742486,10301.144928031523,352830.27310304105,363131.4180310726
pocus,POCUS,direct_flags,248,677400,68185.29451017518,2357071.4,2425256.694510175,10065.735829668612,347958.57691172126,358024.31274138985
intrapartum_sensors,Intrapartum sensors,direct_flags,248,677400,66010.59169041568,2387962.726,2453973.317690416,9744.699098083212,352518.85532919987,362263.5544272831
ai_intrapartum_sensors,AI Intrapartum sensors,direct_flags,248,677400,65318.56565580348,2364865.3568,2430183.9224558035,9642.539955093516,349109.1462651314,358751.6862202249
diagnosis_base,Baseline,base,249,677400,58539.68492998136,2356624.1739999996,2415163.858929981,8641.819446410003,347892.5559492175,356534.3753956276
pocus,POCUS,direct_flags,249,677400,58807.40080834346,2312966.2992,2371773.700008343,8681.340538580374,341447.6379096545,350128.97844823485
intrapartum_sensors,Intrapartum sensors,direct_flags,249,677400,55124.21288558968,2353050.374,2408174.586885589,8137.616310243531,347364.9799232359,355502.5962334794
ai_intrapartum_sensors,AI Intrapartum sensors,direct_flags,249,677400,54227.37933343067,2335299.7435999997,2389527.1229334306,8005.222812729652,344744.57390020665,352749.7967129363
diagnosis_base,Baseline,base,250,677400,49570.10364833266,2480312.3232,2529882.4268483324,7317.700568103434,366151.804428698,373469.5049968014
pocus,POCUS,direct_flags,250,677400,50876.77733847601,2427925.0244,2478801.801738476,7510.596005089461,358418.2203129613,365928.8163180508
intrapartum_sensors,Intrapartum sensors,direct_flags,250,677400,47935.890161722076,2474770.1276000002,2522706.0177617217,7076.452636805739,365333.6474165929,372410.1000533985
ai_intrapartum_sensors,AI Intrapartum sensors,direct_flags,250,677400,47570.48753134045,2455835.9348,2503406.42233134,7022.510707313323,362538.52004723944,369561.0307545527
