scenario,intervention,level,comparison_baseline,location,location_code,births,delivery_share,anc,pph,maternal_sepsis,eclampsia,obstructed_labor,aph,uterine_rupture,severe_complication,maternal_deaths,maternal_deaths_per_100k,neonatal_deaths,neonatal_deaths_per_1000,iv_iron_given_anemia_anc,pph_bundle_given_pph,mgso4_given_eclampsia,antibiotics_given_sepsis,oxytocin_given_ol,c_sections_count,emergency_c_sections_count,elective_c_sections_count,c_sections_per_100_births,emergency_c_sections_per_100_births,elective_c_sections_per_100_births
diagnosis_base,Baseline,base,diagnosis_base,Home,0,0.0,0.0,0.0,0.0,0.0,0.0,0.0,0.0,0.0,0.0,0.0,0.0,0.0,0.0,0.0,0.0,0.0,0.0,0.0,0.0,0.0,0.0,0.0,0.0,0.0
diagnosis_base,Baseline,base,diagnosis_base,L2/3,1,0.0,0.0,0.0,0.0,0.0,0.0,0.0,0.0,0.0,0.0,0.0,0.0,0.0,0.0,0.0,0.0,0.0,0.0,0.0,0.0,0.0,0.0,0.0,0.0,0.0
diagnosis_base,Baseline,base,diagnosis_base,L4,2,0.0,0.0,0.0,0.0,0.0,0.0,0.0,0.0,0.0,0.0,0.0,0.0,0.0,0.0,0.0,0.0,0.0,0.0,0.0,0.0,0.0,0.0,0.0,0.0,0.0
diagnosis_base,Baseline,base,diagnosis_base,L5,3,0.0,0.0,0.0,0.0,0.0,0.0,0.0,0.0,0.0,0.0,0.0,0.0,0.0,0.0,0.0,0.0,0.0,0.0,0.0,0.0,0.0,0.0,0.0,0.0,0.0
pocus,POCUS,direct_flags,diagnosis_base,Home,0,10385.680000000022,0.015331679952760524,0.03754448476502492,-0.0003448567739993448,-0.0011873818835958228,-0.0011898098488681182,-0.000653898110310476,-0.0005103418955356431,-0.0005869601658851954,-0.001323482722635716,-1.759999999999991,-19.900981914735667,-29.459999999999127,-1.2934401470423076,0.006628294872774165,0.0,0.0,0.0,0.0,0.0,0.0,0.0,0.0,0.0,0.0
pocus,POCUS,direct_flags,diagnosis_base,L2/3,1,22164.75999999998,0.03272034248597577,0.02943229562574201,-0.00027626009284178153,-0.0008562949087482646,-0.0005033230371471707,-0.0008390086684678406,-0.0005686298854538441,-0.0004955975434097915,-0.000491548034935339,6.740000000000002,0.664305942373062,-1.8400000000000318,-0.2344335730781668,0.0034201594415424474,0.0,-0.002445371197339674,0.000664100352716912,0.0,476.60000000000036,476.60000000000036,0.0,-0.031888468304243744,-0.031888468304243744,0.0
pocus,POCUS,direct_flags,diagnosis_base,L4,2,-26964.23999999999,-0.03980549158547389,-0.021749603541252216,0.016034097602896577,0.015733858431541653,0.004233143727200177,-0.0017943142345096114,0.0039008718588698955,0.004038014421372034,0.004800882691936684,-3.9000000000000057,4.97332682567496,-186.3599999999999,0.23318405618445404,-0.005581092111331898,0.0,0.0010227587843115171,-0.00010358218776174155,0.0,18540.600000000006,-855.2799999999988,19395.88,16.659923760040954,1.6894989573653874,14.970424802675572
pocus,POCUS,direct_flags,diagnosis_base,L5,3,-5586.199999999997,-0.008246530853262463,-0.01542417055258083,0.01641896204568119,0.022233659304589842,0.0016253088140648492,-0.0004459753013475315,0.002406567578519092,0.0019967164168188806,0.005623989721022904,-14.700000000000017,-2.308861822751169,-44.539999999999964,0.5742202695333631,-0.007850339146947077,0.0,0.0009912575204978902,0.0030637584963781883,0.0,6371.239999999998,997.2000000000007,5374.04,10.603766300829886,3.0444246394660937,7.5593416613637885
intrapartum_sensors,Intrapartum sensors,direct_flags,diagnosis_base,Home,0,0.0,0.0,0.0,0.0,0.0,0.0,0.0,0.0,0.0,0.0,0.0,0.0,0.0,0.0,0.0,0.0,0.0,0.0,0.0,0.0,0.0,0.0,0.0,0.0,0.0
intrapartum_sensors,Intrapartum sensors,direct_flags,diagnosis_base,L2/3,1,5134.8399999999965,0.007580218482432843,-0.0006026906783762609,-0.0005318266374206501,-0.0008114351335594024,0.00011958377097390054,-0.0005060024880118412,4.380525155697583e-05,0.00011847931531353082,-4.3900940636436726e-05,-1.4399999999999977,-1.4613896052033581,-0.22000000000002728,-0.058207348840922934,0.00010497672302339778,0.0,8.137391184886988e-05,-0.00132668703873845,0.0,-713.56,-713.56,0.0,-0.45730126358498135,-0.45730126358498135,0.0
intrapartum_sensors,Intrapartum sensors,direct_flags,diagnosis_base,L4,2,-2390.779999999999,-0.0035293475051668133,0.0021994153637409086,-0.003701513418877707,-0.004586321280678887,0.0002372962386952282,0.0003933707697220887,0.0002088774985066072,0.0002402714763613499,-0.0008613459305894591,-16.0,-8.407130504708007,-9.419999999999845,0.05824995355881768,-0.00043349492038491366,0.0,-6.187975013655089e-05,-0.0006300476143553668,0.0,-3655.540000000001,-3655.540000000001,0.0,-1.7071823080433042,-1.885095944106892,0.17791363606358068
intrapartum_sensors,Intrapartum sensors,direct_flags,diagnosis_base,L5,3,-2744.0599999999977,-0.004050870977266016,0.0025992634764081535,-0.007633268399039647,-0.0074239553937476,0.00099537945857716,0.0022999063631655298,0.0009861926356390799,0.0009129784474460265,-0.0030209874947072224,-46.46000000000001,-50.12574073655358,-16.11999999999989,0.345207650905099,-0.0008727519763757907,0.0,0.0008676598199006125,0.0001386073784551689,0.0,-3451.7800000000025,-3451.779999999999,0.0,-3.2571686449400588,-3.522151699724823,0.2649830547847687
ai_intrapartum_sensors,AI Intrapartum sensors,direct_flags,diagnosis_base,Home,0,0.0,0.0,0.0,0.0,0.0,0.0,0.0,0.0,0.0,0.0,0.0,0.0,0.0,0.0,0.0,0.0,0.0,0.0,0.0,0.0,0.0,0.0,0.0,0.0,0.0
ai_intrapartum_sensors,AI Intrapartum sensors,direct_flags,diagnosis_base,L2/3,1,8432.319999999978,0.012448066135222924,-0.00046879311992942263,-0.0009011390432565915,-0.0014544899987213762,0.00013343007403801132,-0.001326351411467367,2.19839079492511e-05,0.00011535398334864156,-0.00011928916966999622,-0.8200000000000003,-1.5337878038285702,-4.819999999999993,-0.11778137834916591,7.968413989323242e-05,0.0,-0.0016448608337376602,-0.0009045650060861554,0.0,-1125.8799999999997,-1125.8799999999997,0.0,-0.7132589168593411,-0.7132589168593411,0.0
ai_intrapartum_sensors,AI Intrapartum sensors,direct_flags,diagnosis_base,L4,2,-3950.279999999999,-0.005831532329495126,0.0035546098582416308,-0.0065357038484878185,-0.008262398692241157,0.0004914510169094014,-0.0010866152012253202,0.0004109887014494551,0.00044444133408211295,-0.0012686545883015682,-16.660000000000004,-8.495523987149582,-26.339999999999918,0.03511462628395279,-0.0009076167707502969,0.0,-9.591370107603359e-05,-0.0013131464561510486,0.0,-6146.719999999994,-6146.720000000001,0.0,-2.9087691967016163,-3.2055003671008535,0.29673117039923724
ai_intrapartum_sensors,AI Intrapartum sensors,direct_flags,diagnosis_base,L5,3,-4482.039999999994,-0.00661653380572777,0.0033971008731239483,-0.01235023253206377,-0.012589796043449009,0.00157720616643936,0.0009989766029827457,0.00162055691948422,0.0016062604529421473,-0.0042279065596490945,-64.54,-69.17017715041186,-41.13999999999987,0.3802727752247179,-0.0009551261315473292,0.0,0.0012401451149930964,0.0002703236083468341,0.0,-5418.299999999999,-5418.299999999999,0.0,-5.1520068696350485,-5.594508361597118,0.4425014919620729
