scenario,intervention,level,anc,initial_l45,final_l45,free_referral,emergency_transfer,delay_lt1h_given_transfer,delay_1_2h_given_transfer,delay_2plus_given_transfer,iv_iron_given_anemia_anc,pph_bundle_given_pph,mgso4_given_eclampsia,antibiotics_given_sepsis,oxytocin_given_ol
mentors_base,MENTORS,base,74.00149279943801,61.474827303594424,65.86289661632128,0.0,5.8667896030909725,39.746038876511655,38.62148047384538,21.63248064964296,28.540994990554136,0.0,46.72855856627151,28.607961448746178,0.0
mentors_current,MENTORS,current,74.00149279943801,61.474827303594424,65.86152089919213,0.0,5.773065214846037,39.20358452028082,39.02229542340812,21.774120056311062,65.23242718596335,49.86796064788241,50.00431077598949,48.506717876023714,0.0
mentors_moderate,MENTORS,moderate,74.00149279943801,61.474827303594424,65.86008664090856,0.0,5.741804238379581,38.999447026572156,39.17946378085943,21.821089192568415,78.00756928252684,59.04576681806962,60.995015383901574,58.126658189884374,0.0
mentors_high,MENTORS,high,74.00149279943801,61.474827303594424,65.85405690200211,0.0,5.687273153026577,38.74232872999238,39.40141957210018,21.856251697907435,93.27576442644379,70.18492095089216,71.32422122414538,68.94985143641522,0.0
prompts_base,PROMPTS,base,74.00149279943801,61.474827303594424,65.86289661632128,0.0,5.8667896030909725,39.746038876511655,38.62148047384538,21.63248064964296,28.540994990554136,0.0,46.72855856627151,28.607961448746178,0.0
prompts_current,PROMPTS,current,74.15241189556258,61.738262498536464,66.08997775436131,0.0,5.845685516918394,39.75764455281341,38.57334356787625,21.669011879310336,28.525876169059238,0.0,47.30537436752766,28.70421867591028,0.0
prompts_moderate,PROMPTS,moderate,80.50561995082543,66.48492565273388,70.33371385083714,0.0,5.224768762439996,39.58198901593324,38.43953084620709,21.978480137859673,28.41650619065252,0.0,48.53555183417262,29.706458635162353,0.0
prompts_high,PROMPTS,high,98.62475120009367,72.49736564805059,72.49736564805059,0.0,0.0,,,,28.299814968526054,0.0,50.25798786399548,30.02678891105938,0.0
prompts_high_shift,PROMPTS,high_shift,95.92149631190728,76.4178374897553,78.27970963587401,0.0,2.7967158412363893,42.45557204836162,36.1482804795663,21.39614747207208,28.32107296493543,0.0,52.34525889031742,32.47288926329992,0.0
blood_base,Blood tracking,base,74.00149279943801,61.474827303594424,65.86289661632128,0.0,5.8667896030909725,39.746038876511655,38.62148047384538,21.63248064964296,28.540994990554136,0.0,46.72855856627151,28.607961448746178,0.0
blood_current,Blood tracking,current,74.00149279943801,61.474827303594424,65.86289661632128,0.0,5.8667896030909725,39.746038876511655,38.62148047384538,21.63248064964296,28.540994990554136,0.0,46.72855856627151,28.607961448746178,0.0
blood_moderate,Blood tracking,moderate,74.00149279943801,61.474827303594424,65.86289661632128,0.0,5.8667896030909725,39.746038876511655,38.62148047384538,21.63248064964296,28.540994990554136,0.0,46.72855856627151,28.607961448746178,0.0
blood_high,Blood tracking,high,74.00149279943801,61.474827303594424,65.86289661632128,0.0,5.8667896030909725,39.746038876511655,38.62148047384538,21.63248064964296,28.540994990554136,0.0,46.72855856627151,28.607961448746178,0.0
referral_base,Transfer & EMT,base,74.00149279943801,61.474827303594424,65.86289661632128,0.0,5.8667896030909725,39.746038876511655,38.62148047384538,21.63248064964296,28.540994990554136,0.0,46.72855856627151,28.607961448746178,0.0
referral_current,Transfer & EMT,current,74.00149279943801,61.474827303594424,65.86289661632128,0.0,5.8667896030909725,39.746038876511655,38.62148047384538,21.63248064964296,28.540994990554136,0.0,46.72855856627151,28.607961448746178,0.0
referral_moderate,Transfer & EMT,moderate,74.00149279943801,61.474827303594424,65.86289661632128,0.0,5.8667896030909725,47.88193508474975,36.98885321846121,15.129211696789044,28.540994990554136,0.0,46.72855856627151,28.607961448746178,0.0
referral_high,Transfer & EMT,high,74.00149279943801,61.474827303594424,65.86289661632128,0.0,5.8667896030909725,54.73458751977805,36.1691693936406,9.096243086581348,28.540994990554136,0.0,46.72855856627151,28.607961448746178,0.0
pulse_base,PULSE,base,74.00149279943801,61.474827303594424,65.86289661632128,0.0,5.8667896030909725,39.746038876511655,38.62148047384538,21.63248064964296,28.540994990554136,0.0,46.72855856627151,28.607961448746178,0.0
pulse_current,PULSE,current,74.00149279943801,61.474827303594424,65.86289661632128,0.0,5.8667896030909725,39.746038876511655,38.62148047384538,21.63248064964296,28.540994990554136,0.0,46.72855856627151,28.607961448746178,0.0
pulse_moderate,PULSE,moderate,74.00149279943801,61.474827303594424,65.86236974593139,0.0,5.813926940639269,39.48483019337389,38.81708941345103,21.698080393175076,28.540994990554136,0.0,46.72855856627151,28.49489776113409,0.0
pulse_high,PULSE,high,74.00149279943801,61.474827303594424,65.86356983959723,0.0,5.765835382273738,39.18497113682411,39.04421073373537,21.770818129440514,28.540994990554136,0.0,46.72855856627151,28.4004829849341,0.0
fqa_base,FQA,base,74.00149279943801,61.474827303594424,65.8627795340124,0.0,5.784100222456387,39.2732077395008,38.97220691982373,21.754585340675465,61.578557642902354,46.6852221734752,47.640285402977014,46.01522595674794,0.0
fqa_current,FQA,current,74.00149279943801,61.474827303594424,65.8627795340124,0.0,5.784100222456387,39.2732077395008,38.97220691982373,21.754585340675465,61.578557642902354,46.83610782723864,47.64873702533776,46.12175267338915,0.0
fqa_moderate,FQA,moderate,74.00149279943801,61.474827303594424,65.86263318112633,0.0,5.782665964172813,39.25908873179083,38.98141235297699,21.75949891523218,61.578557642902354,48.574436751224766,48.9692126268163,47.4599846321558,0.0
fqa_high,FQA,high,74.00149279943801,61.474827303594424,65.86254536939468,0.0,5.781641493970261,39.251800563167045,38.98687655327016,21.7613228835628,61.578557642902354,50.0061954672921,50.19581716047049,48.685999270142986,0.0
combined_base,All,base,74.00149279943801,61.474827303594424,65.86289661632128,0.0,5.8667896030909725,39.746038876511655,38.62148047384538,21.63248064964296,28.540994990554136,0.0,46.72855856627151,28.607961448746178,0.0
combined_current,All,current,74.15290949537525,61.73876009834915,66.08909963704484,0.0,5.750614682121531,39.20130464542135,38.995790622683934,21.802904731894717,65.26588869518233,49.940352329542854,50.633351526138036,48.76226968988694,0.0
combined_moderate,All,moderate,84.20240604144713,68.91236389181594,72.05134059243649,0.0,3.5080201381571245,45.69634099248915,41.50184656697437,12.80181244053648,87.18687632639651,72.19381295970324,74.08696734178586,70.65719719213298,0.0
combined_high,All,high,99.88912305350661,72.49736564805059,72.49736564805059,0.0,0.0,,,,94.9490593843725,75.18825989060153,80.44301952937359,75.3937070200487,0.0
