scenario,intervention,level,location,location_code,births,delivery_share,anc,pph,maternal_sepsis,eclampsia,obstructed_labor,aph,uterine_rupture,severe_complication,maternal_deaths,maternal_deaths_per_100k,neonatal_deaths,neonatal_deaths_per_1000,iv_iron_given_anemia_anc,pph_bundle_given_pph,mgso4_given_eclampsia,antibiotics_given_sepsis,oxytocin_given_ol
mentors_base,MENTORS,base,Home,0,6242.88,0.09136635054443273,0.6848332357128635,0.04740709912539139,0.1099914508587347,0.009219255744358952,0.04890921458195367,0.01805874994744663,0.00411390975670564,0.03138444805037666,28.98,464.01656230357634,131.76,21.103701326601964,0.2896228764363458,0.0,0.0,0.0,0.0
mentors_base,MENTORS,base,L2/3,1,17082.32,0.25000468329235453,0.3125694905974685,0.06446756888015241,0.1267574610794724,0.010944593951991361,0.038143920520455316,0.019302774940633854,0.004186277360009669,0.03934658825270241,27.3,159.83274765275655,187.76,10.991305260964786,0.29487582747365193,0.0,0.30220983056072537,0.14424685231814793,0.0
mentors_base,MENTORS,base,L4,2,34474.38,0.5045425008781173,0.9253391849615697,0.08291292801996693,0.10112119453564325,0.007085508253353749,0.035885871670578544,0.018953792436341207,0.004107137354203979,0.025489462298866835,11.84,34.392154819162506,96.1,2.787506271471876,0.28527004907715503,0.0,0.5965901647922752,0.3606141525800161,0.0
mentors_base,MENTORS,base,L5,3,10528.42,0.15408646528509543,0.8594085468100768,0.15499789448483686,0.1728691961223414,0.011499834591151434,0.05476934383838679,0.029772635579492075,0.006133280279460986,0.11934270849109162,18.1,170.96469734414802,41.02,3.8883313710659437,0.27859375492906774,0.0,0.5932634883624857,0.3653212670494429,0.0
mentors_current,MENTORS,current,Home,0,6242.88,0.09136635054443273,0.6848332357128635,0.04526231161577417,0.1036153961172517,0.00872923599059403,0.04890921458195367,0.01805874994744663,0.00411390975670564,0.03032448156766516,28.84,461.77853404366164,131.76,21.103701326601964,0.6643024708306258,0.0,0.0,0.0,0.0
mentors_current,MENTORS,current,L2/3,1,17083.26,0.25001844046364596,0.3126049346311801,0.06328932354737567,0.12282461022469696,0.010662967987312057,0.038106646117521195,0.019301714549593996,0.004186050357175476,0.038578667201739594,27.1,158.65146342491235,187.76,10.990698624363395,0.6469608657268379,0.0,0.3202254307012104,0.154618506518968,0.0
mentors_current,MENTORS,current,L4,2,34518.12,0.5051826484018265,0.9254222561179429,0.052508202101878086,0.06955647831849515,0.006283620170507898,0.03329623969787251,0.01895614422463067,0.004110085512071927,0.01963308466355268,9.16,26.57412810453222,92.7,2.68552654657671,0.6528577904413941,0.6628365053722659,0.6489223140451985,0.6507825338813431,0.0
mentors_current,MENTORS,current,L5,3,10483.74,0.15343256059009483,0.8588541602280428,0.09931753682968206,0.12072617467908665,0.00996549991171572,0.051371306621805106,0.029814991362857365,0.006132836441326475,0.09167316746413313,13.16,124.72690900986156,39.26,3.737479278738009,0.6485432760509383,0.6491906797519696,0.6428743379214095,0.6541558537713448,0.0
mentors_moderate,MENTORS,moderate,Home,0,6242.88,0.09136635054443273,0.6848332357128635,0.04436221837627529,0.1013028884984899,0.008642790141573249,0.04890921458195367,0.01805874994744663,0.00411390975670564,0.02992776097783443,28.82,461.45935115186467,131.76,21.103701326601964,0.7883883239189088,0.0,0.0,0.0,0.0
mentors_moderate,MENTORS,moderate,L2/3,1,17084.24,0.2500327830464817,0.31261046950908666,0.06284093542166926,0.11911206069262738,0.01028435780778835,0.03803532972883847,0.019300605129095698,0.004185809176538648,0.03788925769883431,26.52,155.24174355833077,187.76,10.990065991684583,0.7833972109285279,0.0,0.3902055465781792,0.18711358964540048,0.0
mentors_moderate,MENTORS,moderate,L4,2,34535.64,0.5054390586582368,0.9254653300838317,0.04627409039111728,0.056507569412105906,0.005624573158610513,0.032570812099250085,0.018957663782634658,0.004108006556054173,0.018068797057074485,7.66,22.214431963649997,88.6,2.5654465636124173,0.7813695992492181,0.7858380819288848,0.8032030129851555,0.7810995701650225,0.0
mentors_moderate,MENTORS,moderate,L5,3,10465.24,0.15316180775084884,0.858645190330612,0.08923810054348186,0.10014316048067821,0.008905924208116806,0.05057660814075967,0.02983266715925478,0.006143831459996262,0.08402206039355901,11.84,112.43618511316099,38.62,3.6833222601553866,0.7699203704611736,0.7737723611702436,0.7764324009538562,0.7892408447979335,0.0
mentors_high,MENTORS,high,Home,0,6242.88,0.09136635054443273,0.6848332357128635,0.043357365111169346,0.09868328332279236,0.008434282517417664,0.04890921458195367,0.01805874994744663,0.00411390975670564,0.029723001816905216,28.76,460.4989180462491,131.76,21.103701326601964,0.9360870794383912,0.0,0.0,0.0,0.0
mentors_high,MENTORS,high,L2/3,1,17088.36,0.2500930804355462,0.3126181722075494,0.062213495484376165,0.11510975184570534,0.009755303178247533,0.037802595209716655,0.019295955130074833,0.004184791878162939,0.03722795319122625,26.18,153.2102659921341,187.76,10.987416234259193,0.9305653693924092,0.0,0.45813081956511637,0.22880723560997335,0.0
mentors_high,MENTORS,high,L4,2,34561.24,0.5058137220465988,0.9255089601743184,0.03965529181344821,0.041929773149181324,0.0048411118231747405,0.03193696911549959,0.018954102253052846,0.004106713115155518,0.016188831790951222,6.3,18.254134499710066,83.56,2.4177322931840566,0.9332055927425563,0.9352722464618557,0.9347585297591475,0.9327314778440271,0.0
mentors_high,MENTORS,high,L5,3,10435.52,0.15272684697342231,0.8585416003726485,0.07642656639653148,0.0762347524299594,0.007734777694234802,0.04928627848560597,0.029883761077685644,0.006155747486002221,0.07442658352131733,9.7,92.32528979719427,36.58,3.499452937060898,0.9309103794756051,0.927603316996869,0.9330209923770897,0.933162004193473,0.0
prompts_base,PROMPTS,base,Home,0,6242.88,0.09136635054443273,0.6848332357128635,0.04740709912539139,0.1099914508587347,0.009219255744358952,0.04890921458195367,0.01805874994744663,0.00411390975670564,0.03138444805037666,28.98,464.01656230357634,131.76,21.103701326601964,0.2896228764363458,0.0,0.0,0.0,0.0
prompts_base,PROMPTS,base,L2/3,1,17082.32,0.25000468329235453,0.3125694905974685,0.06446756888015241,0.1267574610794724,0.010944593951991361,0.038143920520455316,0.019302774940633854,0.004186277360009669,0.03934658825270241,27.3,159.83274765275655,187.76,10.991305260964786,0.29487582747365193,0.0,0.30220983056072537,0.14424685231814793,0.0
prompts_base,PROMPTS,base,L4,2,34474.38,0.5045425008781173,0.9253391849615697,0.08291292801996693,0.10112119453564325,0.007085508253353749,0.035885871670578544,0.018953792436341207,0.004107137354203979,0.025489462298866835,11.84,34.392154819162506,96.1,2.787506271471876,0.28527004907715503,0.0,0.5965901647922752,0.3606141525800161,0.0
prompts_base,PROMPTS,base,L5,3,10528.42,0.15408646528509543,0.8594085468100768,0.15499789448483686,0.1728691961223414,0.011499834591151434,0.05476934383838679,0.029772635579492075,0.006133280279460986,0.11934270849109162,18.1,170.96469734414802,41.02,3.8883313710659437,0.27859375492906774,0.0,0.5932634883624857,0.3653212670494429,0.0
prompts_current,PROMPTS,current,Home,0,6186.88,0.09054677438239082,0.6845378846737539,0.04695174640741259,0.10992582588250618,0.008880199279249473,0.04829047109162924,0.01808754715683276,0.004008878556001666,0.030764648596332746,29.22,472.0396180208911,128.5,20.7683741757247,0.28736709651905695,0.0,0.0,0.0,0.0
prompts_current,PROMPTS,current,L2/3,1,16983.16,0.24855344807399601,0.31237446898982446,0.06473412645780276,0.12644502185284726,0.010689472317829076,0.03775787699481201,0.019202411967558917,0.004154073872070867,0.038761785521238545,26.12,153.8283175510292,187.42,11.035361958894162,0.29537453113009904,0.0,0.30809226606617796,0.14441590620794517,0.0
prompts_current,PROMPTS,current,L4,2,34599.22,0.5063695703079264,0.9258835424135968,0.08277963508593658,0.10100387241209363,0.007181774229367972,0.036023494041797964,0.018936115680319752,0.004129863473574183,0.02563349225776366,11.92,34.49746631509143,96.6,2.791962337703435,0.28543186450048647,0.0,0.5975621086039435,0.36043911817893154,0.0
prompts_current,PROMPTS,current,L5,3,10558.74,0.1545302072356867,0.8610380510556918,0.15453881293972807,0.1726398742250335,0.01149453470461709,0.05534515504183375,0.02980183625941348,0.006041131453942739,0.11998899651330187,17.66,166.33223216062314,41.9,3.9615424627880986,0.278070364835308,0.0,0.5933722342570154,0.36717877710971286,0.0
prompts_moderate,PROMPTS,moderate,Home,0,5900.38,0.08635376419622995,0.7521781800992613,0.045165647611933035,0.1065231984637845,0.008476523003155297,0.043439130568936515,0.015124832164309434,0.003693646782464459,0.0264454170918901,24.98,423.2383175973029,110.56,18.7375550789184,0.28591942166547524,0.0,0.0,0.0,0.0
prompts_moderate,PROMPTS,moderate,L2/3,1,14370.0,0.21030909729539868,0.3881688579774562,0.06492908542290782,0.1241005260142385,0.0107556152696665,0.03867984602546662,0.019245290914060468,0.0038958120189484012,0.03753238115405174,21.94,152.709505309994,144.02,10.022312050991601,0.28760067221980345,0.0,0.29438603482249903,0.1518176536274126,0.0
prompts_moderate,PROMPTS,moderate,L4,2,37088.14,0.5427956328298794,0.9472730242805467,0.0816907904751106,0.09899640885043727,0.0073570633240519255,0.03653486798541228,0.019667056453738212,0.0042401248397366045,0.02831068880394543,14.04,37.890926787101684,97.36,2.6250194602387182,0.28511582659010015,0.0,0.5959209203286541,0.36072995206124764,0.0
prompts_moderate,PROMPTS,moderate,L5,3,10969.48,0.16054150567849199,0.8987675841318281,0.14333593274791406,0.16017934420711677,0.010183400149705889,0.05520763826602054,0.028555937551899023,0.005798944887404685,0.10965124408601659,15.14,137.7078864728792,40.52,3.6923956788687287,0.2784183512423275,0.0,0.6056301173846794,0.36748170153770876,0.0
prompts_high,PROMPTS,high,Home,0,5319.7,0.0778553448073996,0.9810068757858145,0.04232586515002781,0.10012121541789007,0.007512984009750676,0.040594525011485603,0.011206518677106432,0.002783681052386821,0.018379209539116648,18.66,350.7678315260008,67.56,12.693044829155204,0.28914891505133955,0.0,0.0,0.0,0.0
prompts_high,PROMPTS,high,L2/3,1,13472.3,0.1971709987120946,0.9448837927023885,0.05822164640983935,0.10649157049100497,0.008224217217754671,0.04334916963961665,0.017676635202295142,0.003566162788718358,0.0316397276374152,20.46,151.87323213352545,107.26,7.961681910127024,0.28544561453437906,0.0,0.32414227234083937,0.15286508207296085,0.0
prompts_high,PROMPTS,high,L4,2,39795.88,0.582424189205011,0.9982022663440702,0.07720084241577524,0.0947849022850932,0.007881488421295293,0.04369637609247064,0.022979180601850526,0.004735028234528754,0.04403031195580232,10.82,27.189933088098847,103.24,2.5943026951489605,0.28067149644467204,0.0,0.5704523760105281,0.36336841951629983,0.0
prompts_high,PROMPTS,high,L5,3,9740.12,0.14254946727549467,0.9974745297817713,0.07938852438458147,0.09644601011034054,0.007573957995710564,0.042071251649260406,0.021713730609298203,0.0049086276786482015,0.044012110953785114,3.08,31.620244961979896,25.46,2.614013649376858,0.2860430357125426,0.0,0.6411177280377192,0.3637121995061511,0.0
prompts_high_shift,PROMPTS,high_shift,Home,0,5371.36,0.07861140381688327,0.9450903271883146,0.039917895292198344,0.09462456709598693,0.007745153840056742,0.040432220409977855,0.013244668989830892,0.0025958552565509907,0.017428438900700963,15.68,291.8500440017167,70.28,13.081539849887358,0.29068195651273376,0.0,0.0,0.0,0.0
prompts_high_shift,PROMPTS,high_shift,L2/3,1,9469.68,0.13859149982437655,0.8010243427031907,0.04278077210161513,0.09183700094629645,0.00685510184850036,0.03987039484173765,0.015578147690080838,0.0032903829978823055,0.02516303215758109,7.76,81.89020015437006,68.58,7.245912901580749,0.28929678075280385,0.0,0.2612059649963237,0.15659047170557658,0.0
prompts_high_shift,PROMPTS,high_shift,L4,2,42082.98,0.6158965577801194,0.9908653243582194,0.07972230107958085,0.09698872924152464,0.007276949255226638,0.039870540238131726,0.02088849696897899,0.004453184835400647,0.034574473908454986,13.16,31.310227388087277,133.74,3.1778762580920654,0.28217216445626314,0.0,0.5933425124800039,0.36942098356678743,0.0
prompts_high_shift,PROMPTS,high_shift,L5,3,11403.98,0.16690053857862075,0.980432195657291,0.11743516027391668,0.13449594278170793,0.009556278900349999,0.05044280661116773,0.02567213563509672,0.005868545087860829,0.08380312057580279,9.26,80.96755977171264,40.34,3.535877819148617,0.2796021456377764,0.0,0.6130977732085678,0.3673206176506194,0.0
blood_base,Blood tracking,base,Home,0,6242.88,0.09136635054443273,0.6848332357128635,0.04740709912539139,0.1099914508587347,0.009219255744358952,0.04890921458195367,0.01805874994744663,0.00411390975670564,0.03138444805037666,28.98,464.01656230357634,131.76,21.103701326601964,0.2896228764363458,0.0,0.0,0.0,0.0
blood_base,Blood tracking,base,L2/3,1,17082.32,0.25000468329235453,0.3125694905974685,0.06446756888015241,0.1267574610794724,0.010944593951991361,0.038143920520455316,0.019302774940633854,0.004186277360009669,0.03934658825270241,27.3,159.83274765275655,187.76,10.991305260964786,0.29487582747365193,0.0,0.30220983056072537,0.14424685231814793,0.0
blood_base,Blood tracking,base,L4,2,34474.38,0.5045425008781173,0.9253391849615697,0.08291292801996693,0.10112119453564325,0.007085508253353749,0.035885871670578544,0.018953792436341207,0.004107137354203979,0.025489462298866835,11.84,34.392154819162506,96.1,2.787506271471876,0.28527004907715503,0.0,0.5965901647922752,0.3606141525800161,0.0
blood_base,Blood tracking,base,L5,3,10528.42,0.15408646528509543,0.8594085468100768,0.15499789448483686,0.1728691961223414,0.011499834591151434,0.05476934383838679,0.029772635579492075,0.006133280279460986,0.11934270849109162,18.1,170.96469734414802,41.02,3.8883313710659437,0.27859375492906774,0.0,0.5932634883624857,0.3653212670494429,0.0
blood_current,Blood tracking,current,Home,0,6242.88,0.09136635054443273,0.6848332357128635,0.04740709912539139,0.1099914508587347,0.009219255744358952,0.04890921458195367,0.01805874994744663,0.00411390975670564,0.03138444805037666,28.98,464.01656230357634,131.76,21.103701326601964,0.2896228764363458,0.0,0.0,0.0,0.0
blood_current,Blood tracking,current,L2/3,1,17082.32,0.25000468329235453,0.3125694905974685,0.06446756888015241,0.1267574610794724,0.010944593951991361,0.038143920520455316,0.019302774940633854,0.004186277360009669,0.03934658825270241,25.6,149.87057081414642,187.76,10.991305260964786,0.29487582747365193,0.0,0.30220983056072537,0.14424685231814793,0.0
blood_current,Blood tracking,current,L4,2,34474.38,0.5045425008781173,0.9253391849615697,0.08291292801996693,0.10112119453564325,0.007085508253353749,0.035885871670578544,0.018953792436341207,0.004107137354203979,0.025489462298866835,10.78,31.3149742908455,96.1,2.787506271471876,0.28527004907715503,0.0,0.5965901647922752,0.3606141525800161,0.0
blood_current,Blood tracking,current,L5,3,10528.42,0.15408646528509543,0.8594085468100768,0.15499789448483686,0.1728691961223414,0.011499834591151434,0.05476934383838679,0.029772635579492075,0.006133280279460986,0.11934270849109162,15.32,144.73238918899816,41.02,3.8883313710659437,0.27859375492906774,0.0,0.5932634883624857,0.3653212670494429,0.0
blood_moderate,Blood tracking,moderate,Home,0,6242.88,0.09136635054443273,0.6848332357128635,0.04740709912539139,0.1099914508587347,0.009219255744358952,0.04890921458195367,0.01805874994744663,0.00411390975670564,0.03138444805037666,28.98,464.01656230357634,131.76,21.103701326601964,0.2896228764363458,0.0,0.0,0.0,0.0
blood_moderate,Blood tracking,moderate,L2/3,1,17082.32,0.25000468329235453,0.3125694905974685,0.06446756888015241,0.1267574610794724,0.010944593951991361,0.038143920520455316,0.019302774940633854,0.004186277360009669,0.03934658825270241,24.22,141.79268988779734,187.76,10.991305260964786,0.29487582747365193,0.0,0.30220983056072537,0.14424685231814793,0.0
blood_moderate,Blood tracking,moderate,L4,2,34474.38,0.5045425008781173,0.9253391849615697,0.08291292801996693,0.10112119453564325,0.007085508253353749,0.035885871670578544,0.018953792436341207,0.004107137354203979,0.025489462298866835,9.5,27.59924532941382,96.1,2.787506271471876,0.28527004907715503,0.0,0.5965901647922752,0.3606141525800161,0.0
blood_moderate,Blood tracking,moderate,L5,3,10528.42,0.15408646528509543,0.8594085468100768,0.15499789448483686,0.1728691961223414,0.011499834591151434,0.05476934383838679,0.029772635579492075,0.006133280279460986,0.11934270849109162,13.42,126.79273155759469,41.02,3.8883313710659437,0.27859375492906774,0.0,0.5932634883624857,0.3653212670494429,0.0
blood_high,Blood tracking,high,Home,0,6242.88,0.09136635054443273,0.6848332357128635,0.04740709912539139,0.1099914508587347,0.009219255744358952,0.04890921458195367,0.01805874994744663,0.00411390975670564,0.03138444805037666,28.98,464.01656230357634,131.76,21.103701326601964,0.2896228764363458,0.0,0.0,0.0,0.0
blood_high,Blood tracking,high,L2/3,1,17082.32,0.25000468329235453,0.3125694905974685,0.06446756888015241,0.1267574610794724,0.010944593951991361,0.038143920520455316,0.019302774940633854,0.004186277360009669,0.03934658825270241,22.98,134.5284526310111,187.76,10.991305260964786,0.29487582747365193,0.0,0.30220983056072537,0.14424685231814793,0.0
blood_high,Blood tracking,high,L4,2,34474.38,0.5045425008781173,0.9253391849615697,0.08291292801996693,0.10112119453564325,0.007085508253353749,0.035885871670578544,0.018953792436341207,0.004107137354203979,0.025489462298866835,8.14,23.64644656928237,96.1,2.787506271471876,0.28527004907715503,0.0,0.5965901647922752,0.3606141525800161,0.0
blood_high,Blood tracking,high,L5,3,10528.42,0.15408646528509543,0.8594085468100768,0.15499789448483686,0.1728691961223414,0.011499834591151434,0.05476934383838679,0.029772635579492075,0.006133280279460986,0.11934270849109162,12.06,113.94572764534549,41.02,3.8883313710659437,0.27859375492906774,0.0,0.5932634883624857,0.3653212670494429,0.0
referral_base,Transfer & EMT,base,Home,0,6242.88,0.09136635054443273,0.6848332357128635,0.04740709912539139,0.1099914508587347,0.009219255744358952,0.04890921458195367,0.01805874994744663,0.00411390975670564,0.03138444805037666,28.98,464.01656230357634,131.76,21.103701326601964,0.2896228764363458,0.0,0.0,0.0,0.0
referral_base,Transfer & EMT,base,L2/3,1,17082.32,0.25000468329235453,0.3125694905974685,0.06446756888015241,0.1267574610794724,0.010944593951991361,0.038143920520455316,0.019302774940633854,0.004186277360009669,0.03934658825270241,27.3,159.83274765275655,187.76,10.991305260964786,0.29487582747365193,0.0,0.30220983056072537,0.14424685231814793,0.0
referral_base,Transfer & EMT,base,L4,2,34474.38,0.5045425008781173,0.9253391849615697,0.08291292801996693,0.10112119453564325,0.007085508253353749,0.035885871670578544,0.018953792436341207,0.004107137354203979,0.025489462298866835,11.84,34.392154819162506,96.1,2.787506271471876,0.28527004907715503,0.0,0.5965901647922752,0.3606141525800161,0.0
referral_base,Transfer & EMT,base,L5,3,10528.42,0.15408646528509543,0.8594085468100768,0.15499789448483686,0.1728691961223414,0.011499834591151434,0.05476934383838679,0.029772635579492075,0.006133280279460986,0.11934270849109162,18.1,170.96469734414802,41.02,3.8883313710659437,0.27859375492906774,0.0,0.5932634883624857,0.3653212670494429,0.0
referral_current,Transfer & EMT,current,Home,0,6242.88,0.09136635054443273,0.6848332357128635,0.04740709912539139,0.1099914508587347,0.009219255744358952,0.04890921458195367,0.01805874994744663,0.00411390975670564,0.03138444805037666,28.98,464.01656230357634,131.76,21.103701326601964,0.2896228764363458,0.0,0.0,0.0,0.0
referral_current,Transfer & EMT,current,L2/3,1,17082.32,0.25000468329235453,0.3125694905974685,0.06446756888015241,0.1267574610794724,0.010944593951991361,0.038143920520455316,0.019302774940633854,0.004186277360009669,0.03934658825270241,27.3,159.83274765275655,187.76,10.991305260964786,0.29487582747365193,0.0,0.30220983056072537,0.14424685231814793,0.0
referral_current,Transfer & EMT,current,L4,2,34474.38,0.5045425008781173,0.9253391849615697,0.08291292801996693,0.10112119453564325,0.007085508253353749,0.035885871670578544,0.018953792436341207,0.004107137354203979,0.025489462298866835,11.84,34.392154819162506,96.1,2.787506271471876,0.28527004907715503,0.0,0.5965901647922752,0.3606141525800161,0.0
referral_current,Transfer & EMT,current,L5,3,10528.42,0.15408646528509543,0.8594085468100768,0.15499789448483686,0.1728691961223414,0.011499834591151434,0.05476934383838679,0.029772635579492075,0.006133280279460986,0.11934270849109162,18.1,170.96469734414802,41.02,3.8883313710659437,0.27859375492906774,0.0,0.5932634883624857,0.3653212670494429,0.0
referral_moderate,Transfer & EMT,moderate,Home,0,6242.88,0.09136635054443273,0.6848332357128635,0.04740709912539139,0.1099914508587347,0.009219255744358952,0.04890921458195367,0.01805874994744663,0.00411390975670564,0.03138444805037666,28.98,464.01656230357634,131.76,21.103701326601964,0.2896228764363458,0.0,0.0,0.0,0.0
referral_moderate,Transfer & EMT,moderate,L2/3,1,17082.32,0.25000468329235453,0.3125694905974685,0.06446756888015241,0.1267574610794724,0.010944593951991361,0.038143920520455316,0.019302774940633854,0.004186277360009669,0.03934658825270241,27.3,159.83274765275655,187.76,10.991305260964786,0.29487582747365193,0.0,0.30220983056072537,0.14424685231814793,0.0
referral_moderate,Transfer & EMT,moderate,L4,2,34474.38,0.5045425008781173,0.9253391849615697,0.08291292801996693,0.10112119453564325,0.007085508253353749,0.035885871670578544,0.018953792436341207,0.004107137354203979,0.025489462298866835,11.82,34.33361880487972,96.1,2.787506271471876,0.28527004907715503,0.0,0.5965901647922752,0.3606141525800161,0.0
referral_moderate,Transfer & EMT,moderate,L5,3,10528.42,0.15408646528509543,0.8594085468100768,0.15499789448483686,0.1728691961223414,0.011499834591151434,0.05476934383838679,0.029772635579492075,0.006133280279460986,0.11934270849109162,17.34,163.76267273382902,41.02,3.8883313710659437,0.27859375492906774,0.0,0.5932634883624857,0.3653212670494429,0.0
referral_high,Transfer & EMT,high,Home,0,6242.88,0.09136635054443273,0.6848332357128635,0.04740709912539139,0.1099914508587347,0.009219255744358952,0.04890921458195367,0.01805874994744663,0.00411390975670564,0.03138444805037666,28.98,464.01656230357634,131.76,21.103701326601964,0.2896228764363458,0.0,0.0,0.0,0.0
referral_high,Transfer & EMT,high,L2/3,1,17082.32,0.25000468329235453,0.3125694905974685,0.06446756888015241,0.1267574610794724,0.010944593951991361,0.038143920520455316,0.019302774940633854,0.004186277360009669,0.03934658825270241,27.3,159.83274765275655,187.76,10.991305260964786,0.29487582747365193,0.0,0.30220983056072537,0.14424685231814793,0.0
referral_high,Transfer & EMT,high,L4,2,34474.38,0.5045425008781173,0.9253391849615697,0.08291292801996693,0.10112119453564325,0.007085508253353749,0.035885871670578544,0.018953792436341207,0.004107137354203979,0.025489462298866835,11.78,34.21722181254095,96.1,2.787506271471876,0.28527004907715503,0.0,0.5965901647922752,0.3606141525800161,0.0
referral_high,Transfer & EMT,high,L5,3,10528.42,0.15408646528509543,0.8594085468100768,0.15499789448483686,0.1728691961223414,0.011499834591151434,0.05476934383838679,0.029772635579492075,0.006133280279460986,0.11934270849109162,15.08,142.46608009596267,41.02,3.8883313710659437,0.27859375492906774,0.0,0.5932634883624857,0.3653212670494429,0.0
pulse_base,PULSE,base,Home,0,6242.88,0.09136635054443273,0.6848332357128635,0.04740709912539139,0.1099914508587347,0.009219255744358952,0.04890921458195367,0.01805874994744663,0.00411390975670564,0.03138444805037666,28.98,464.01656230357634,131.76,21.103701326601964,0.2896228764363458,0.0,0.0,0.0,0.0
pulse_base,PULSE,base,L2/3,1,17082.32,0.25000468329235453,0.3125694905974685,0.06446756888015241,0.1267574610794724,0.010944593951991361,0.038143920520455316,0.019302774940633854,0.004186277360009669,0.03934658825270241,27.3,159.83274765275655,187.76,10.991305260964786,0.29487582747365193,0.0,0.30220983056072537,0.14424685231814793,0.0
pulse_base,PULSE,base,L4,2,34474.38,0.5045425008781173,0.9253391849615697,0.08291292801996693,0.10112119453564325,0.007085508253353749,0.035885871670578544,0.018953792436341207,0.004107137354203979,0.025489462298866835,11.84,34.392154819162506,96.1,2.787506271471876,0.28527004907715503,0.0,0.5965901647922752,0.3606141525800161,0.0
pulse_base,PULSE,base,L5,3,10528.42,0.15408646528509543,0.8594085468100768,0.15499789448483686,0.1728691961223414,0.011499834591151434,0.05476934383838679,0.029772635579492075,0.006133280279460986,0.11934270849109162,18.1,170.96469734414802,41.02,3.8883313710659437,0.27859375492906774,0.0,0.5932634883624857,0.3653212670494429,0.0
pulse_current,PULSE,current,Home,0,6242.88,0.09136635054443273,0.6848332357128635,0.04740709912539139,0.1099914508587347,0.009219255744358952,0.04890921458195367,0.01805874994744663,0.00411390975670564,0.03138444805037666,28.98,464.01656230357634,131.76,21.103701326601964,0.2896228764363458,0.0,0.0,0.0,0.0
pulse_current,PULSE,current,L2/3,1,17082.32,0.25000468329235453,0.3125694905974685,0.06446756888015241,0.1267574610794724,0.010944593951991361,0.038143920520455316,0.019302774940633854,0.004186277360009669,0.03934658825270241,27.3,159.83274765275655,187.76,10.991305260964786,0.29487582747365193,0.0,0.30220983056072537,0.14424685231814793,0.0
pulse_current,PULSE,current,L4,2,34474.38,0.5045425008781173,0.9253391849615697,0.08291292801996693,0.10112119453564325,0.007085508253353749,0.035885871670578544,0.018953792436341207,0.004107137354203979,0.025489462298866835,11.84,34.392154819162506,96.1,2.787506271471876,0.28527004907715503,0.0,0.5965901647922752,0.3606141525800161,0.0
pulse_current,PULSE,current,L5,3,10528.42,0.15408646528509543,0.8594085468100768,0.15499789448483686,0.1728691961223414,0.011499834591151434,0.05476934383838679,0.029772635579492075,0.006133280279460986,0.11934270849109162,18.1,170.96469734414802,41.02,3.8883313710659437,0.27859375492906774,0.0,0.5932634883624857,0.3653212670494429,0.0
pulse_moderate,PULSE,moderate,Home,0,6242.88,0.09136635054443273,0.6848332357128635,0.04740709912539139,0.10138094235381287,0.009219255744358952,0.04890921458195367,0.01805874994744663,0.00411390975670564,0.030657922079360928,28.9,462.7378532912015,131.76,21.103701326601964,0.2896228764363458,0.0,0.0,0.0,0.0
pulse_moderate,PULSE,moderate,L2/3,1,17082.68,0.25000995199625337,0.3125687252223631,0.06446624781608674,0.11654990858078611,0.010944367127708693,0.038143112025349285,0.019302372698677316,0.004186191487390971,0.038124973094041746,26.7,156.31930647845059,187.76,10.991076384241687,0.29484948975230985,0.0,0.30220983056072537,0.14466604444546702,0.0
pulse_moderate,PULSE,moderate,L4,2,34504.68,0.5049859501229365,0.925259687771523,0.08302074358698837,0.09231224395589002,0.007099521606576552,0.03595193662410183,0.018944149675433994,0.0041052550616019305,0.024745469261731975,11.6,33.66090031012382,96.1,2.78504983518435,0.2850163499017315,0.0,0.5973312179943666,0.35761938785832215,0.0
pulse_moderate,PULSE,moderate,L5,3,10497.76,0.15363774733637747,0.8594998039493157,0.15486056049640892,0.15823678572018196,0.011467354488463507,0.05461222838437527,0.029837212056737415,0.006145552363990837,0.11582126813782484,18.1,171.4930725292035,40.9,3.888481519857066,0.27943608600370234,0.0,0.591695558673402,0.36758653274641795,0.0
pulse_high,PULSE,high,Home,0,6242.88,0.09136635054443273,0.6848332357128635,0.04740709912539139,0.09366801122575304,0.009219255744358952,0.04890921458195367,0.01805874994744663,0.00411390975670564,0.029821837020458562,28.36,454.10479740024834,131.76,21.103701326601964,0.2896228764363458,0.0,0.0,0.0,0.0
pulse_high,PULSE,high,L2/3,1,17081.86,0.24999795105959488,0.31254986946498314,0.06446929898510378,0.10638485429014496,0.010944890014266533,0.03814507585150664,0.01930329893330571,0.004186369730579724,0.036625667332753756,25.76,150.81559502661318,187.76,10.991610271646572,0.29499696584230306,0.0,0.30220983056072537,0.14759123956764586,0.0
pulse_high,PULSE,high,L4,2,34534.92,0.505428521250439,0.9251784340342348,0.083137204243294,0.08486818516443742,0.00710081290574446,0.03601732967328144,0.01893229695426735,0.0041022574683538815,0.02413649354329936,11.6,33.629999907394215,96.22,2.786086760675838,0.28473827671855856,0.0,0.5974213861510898,0.3553740640151593,0.0
pulse_high,PULSE,high,L5,3,10468.34,0.1532071771455333,0.8595656377565455,0.15467374825795435,0.14511642869097333,0.011475677422448018,0.05444934757010303,0.029906647202778996,0.006161195487732494,0.11240682507095615,17.38,165.12264465653337,40.66,3.87680529313666,0.28027616242355075,0.0,0.5916182441611781,0.36498562891203723,0.0
fqa_base,FQA,base,Home,0,6242.88,0.09136635054443273,0.6848332357128635,0.045438346890247984,0.10450964591882682,0.008774094211998313,0.04890921458195367,0.01805874994744663,0.00411390975670564,0.03038214000574459,28.96,463.6975321552274,131.76,21.103701326601964,0.6233948961557039,0.0,0.0,0.0,0.0
fqa_base,FQA,base,L2/3,1,17082.4,0.2500058541154431,0.3125726474698008,0.06340033413657521,0.12394680474592314,0.010736064474257455,0.038136694787134134,0.019302688065665544,0.0041862644014605795,0.038777196470139066,27.1,158.65948584733957,187.76,10.991253525395797,0.6163176473906801,0.0,0.29948611262944597,0.1455040085378309,0.0
fqa_base,FQA,base,L4,2,34513.68,0.5051176677204074,0.9254126416934977,0.05439573996548651,0.07340337308443577,0.006448336052173999,0.033510267627979574,0.018958550142269857,0.004110613068982896,0.020126453212257193,9.44,27.38819684736432,94.12,2.7270015470646434,0.6174136842932354,0.6204749152514228,0.6193853013131934,0.616121542979887,0.0
fqa_base,FQA,base,L5,3,10489.04,0.15351012761971666,0.8589214403260853,0.10273928076294943,0.12683728378364537,0.010290354172032092,0.051590918569661304,0.029799831533517757,0.006129744718928866,0.09417918497476543,13.58,128.65725349088478,39.36,3.745095082493429,0.6067375569352407,0.6061704164200463,0.6149015868348237,0.6218112283553143,0.0
fqa_current,FQA,current,Home,0,6242.88,0.09136635054443273,0.6848332357128635,0.045438346890247984,0.10450964591882682,0.008774094211998313,0.04890921458195367,0.01805874994744663,0.00411390975670564,0.03038214000574459,28.96,463.6975321552274,131.76,21.103701326601964,0.6233948961557039,0.0,0.0,0.0,0.0
fqa_current,FQA,current,L2/3,1,17082.4,0.2500058541154431,0.3125726474698008,0.06339798223290365,0.12392224429405208,0.010732560611400073,0.03813317506844447,0.019302688065665544,0.0041862644014605795,0.038772513583310075,27.1,158.65948584733957,187.76,10.991253525395797,0.6163176473906801,0.0,0.2997908264341598,0.1458030561550504,0.0
fqa_current,FQA,current,L4,2,34513.68,0.5051176677204074,0.9254126416934977,0.054348768756134105,0.07328758419300398,0.006441959284641442,0.03350446307789923,0.018958550142269857,0.004110613068982896,0.020111970577618484,9.44,27.38819684736432,94.12,2.7270015470646434,0.6174136842932354,0.6221613346503199,0.6193853013131934,0.6173058236752579,0.0
fqa_current,FQA,current,L5,3,10489.04,0.15351012761971666,0.8589214403260853,0.10261590714505746,0.126677190862538,0.010282676889323763,0.05158904345246648,0.029799831533517757,0.006129744718928866,0.09410943689294754,13.56,128.468840867239,39.36,3.745095082493429,0.6067375569352407,0.6086727914722684,0.6149015868348237,0.6237552490324706,0.0
fqa_moderate,FQA,moderate,Home,0,6242.88,0.09136635054443273,0.6848332357128635,0.045438346890247984,0.10450964591882682,0.008774094211998313,0.04890921458195367,0.01805874994744663,0.00411390975670564,0.03038214000574459,28.96,463.6975321552274,131.76,21.103701326601964,0.6233948961557039,0.0,0.0,0.0,0.0
fqa_moderate,FQA,moderate,L2/3,1,17082.5,0.25000731764430395,0.3125755081323176,0.06338359855407524,0.12348711774574117,0.010698543015640945,0.03811889732994646,0.019302575303335543,0.004186239368030028,0.03869741008845432,27.1,158.65874785508993,187.76,10.991189383536794,0.6163176473906801,0.0,0.3144778357322819,0.15113394718642006,0.0
fqa_moderate,FQA,moderate,L4,2,34514.26,0.5051261561878,0.9254138992708404,0.05353122344006598,0.07162008537530391,0.0063805073132030075,0.033375897205352126,0.01895824121525209,0.0041105453383857285,0.019901458377027365,9.34,27.099314759599075,93.92,2.7211832703291337,0.6174061257819954,0.644020269247835,0.635407605902614,0.6353837327676155,0.0
fqa_moderate,FQA,moderate,L5,3,10488.36,0.1535001756234633,0.8589141464035494,0.10104633483619682,0.12386839977297419,0.010171075883441034,0.051464637156532544,0.029801785231371353,0.006130131428231049,0.0930142218910943,13.38,126.75783354359072,39.26,3.735801157969411,0.6067632521362741,0.6335682683194097,0.625137589204384,0.6406824820435184,0.0
fqa_high,FQA,high,Home,0,6242.88,0.09136635054443273,0.6848332357128635,0.045438346890247984,0.10450964591882682,0.008774094211998313,0.04890921458195367,0.01805874994744663,0.00411390975670564,0.03038214000574459,28.96,463.6975321552274,131.76,21.103701326601964,0.6233948961557039,0.0,0.0,0.0,0.0
fqa_high,FQA,high,L2/3,1,17082.56,0.2500081957616204,0.3125767542838059,0.06337166879729197,0.12308499790638741,0.010658709138340288,0.03810703365880981,0.01930250792980967,0.004186224971057156,0.03862355819397536,27.1,158.658313909883,187.76,10.991151838803601,0.6163176473906801,0.0,0.3201957149389365,0.1545472749467506,0.0
fqa_high,FQA,high,L4,2,34514.78,0.5051337665378761,0.9254150249365931,0.052773452195559914,0.07000632686614343,0.006308626404984236,0.03327510607810767,0.018957955052202945,0.0041104826231943125,0.019704985820606376,9.2,26.693021503312107,92.68,2.6852051126878655,0.6173986203037543,0.6642651930311242,0.6502853795512809,0.653012624265513,0.0
fqa_high,FQA,high,L5,3,10487.78,0.1534916871560707,0.8589081428395303,0.09962597338902265,0.1211663948033753,0.010056981932656394,0.05136421383794172,0.02980337119556218,0.006130469623226162,0.09201287380340542,13.16,124.67593747933948,39.24,3.7340820899336733,0.6067871828695575,0.6501977237544572,0.6464297474548806,0.6557334498923748,0.0
combined_base,All,base,Home,0,6242.88,0.09136635054443273,0.6848332357128635,0.04740709912539139,0.1099914508587347,0.009219255744358952,0.04890921458195367,0.01805874994744663,0.00411390975670564,0.03138444805037666,28.98,464.01656230357634,131.76,21.103701326601964,0.2896228764363458,0.0,0.0,0.0,0.0
combined_base,All,base,L2/3,1,17082.32,0.25000468329235453,0.3125694905974685,0.06446756888015241,0.1267574610794724,0.010944593951991361,0.038143920520455316,0.019302774940633854,0.004186277360009669,0.03934658825270241,27.3,159.83274765275655,187.76,10.991305260964786,0.29487582747365193,0.0,0.30220983056072537,0.14424685231814793,0.0
combined_base,All,base,L4,2,34474.38,0.5045425008781173,0.9253391849615697,0.08291292801996693,0.10112119453564325,0.007085508253353749,0.035885871670578544,0.018953792436341207,0.004107137354203979,0.025489462298866835,11.84,34.392154819162506,96.1,2.787506271471876,0.28527004907715503,0.0,0.5965901647922752,0.3606141525800161,0.0
combined_base,All,base,L5,3,10528.42,0.15408646528509543,0.8594085468100768,0.15499789448483686,0.1728691961223414,0.011499834591151434,0.05476934383838679,0.029772635579492075,0.006133280279460986,0.11934270849109162,18.1,170.96469734414802,41.02,3.8883313710659437,0.27859375492906774,0.0,0.5932634883624857,0.3653212670494429,0.0
combined_current,All,current,Home,0,6186.88,0.09054677438239082,0.6845378846737539,0.04480083160420541,0.10354030680925425,0.008456747028512741,0.04829047109162924,0.01808754715683276,0.004008878556001666,0.029746874846516533,29.08,469.78303279202953,128.5,20.7683741757247,0.6637960559241864,0.0,0.0,0.0,0.0
combined_current,All,current,L2/3,1,16983.76,0.24856222924716076,0.3124164039675645,0.06356451018026568,0.1225401069704169,0.010402890221472243,0.037721203980017964,0.019201735678526278,0.0041539247177428875,0.038007847002667225,24.46,144.03796012271852,187.42,11.03497227624666,0.6483388554638233,0.0,0.3254354511337228,0.1550084087267452,0.0
combined_current,All,current,L4,2,34644.26,0.5070287437068258,0.9259695679850691,0.052326439905888075,0.06926616316598182,0.006366312765643134,0.03346943317716996,0.01893721183154275,0.0041326221434329355,0.019764744620190944,8.28,23.93814057378004,93.12,2.687949677710104,0.6534793407907035,0.6632895355346765,0.6504653903194706,0.6518184644127858,0.0
combined_current,All,current,L5,3,10513.1,0.15386225266362252,0.8604759830432862,0.09887954878958319,0.12038411483369497,0.00996964437874669,0.05193996859918422,0.02984887358850152,0.00604089650422826,0.09209099693688716,10.56,99.82319430052138,40.0,3.798289848690629,0.6476722850442111,0.6483908255200671,0.6439362140000777,0.6577052285808219,0.0
combined_moderate,All,moderate,Home,0,5861.6,0.08578620770401592,0.7953248583858752,0.0399723401843286,0.08733223358888743,0.008059786655248043,0.04199484303549367,0.014223295850892919,0.0030804071591967537,0.02251124674589367,25.06,427.4131334625436,100.78,17.191878456096493,0.8812495868958079,0.0,0.0,0.0,0.0
combined_moderate,All,moderate,L2/3,1,13235.16,0.19370038637161927,0.4537838347336038,0.06065236332121578,0.10138515427200658,0.009090102020083373,0.039787204626691657,0.018243098466559596,0.0038491006685595136,0.033746155771199556,16.78,126.78207980980753,130.52,9.861699290368701,0.870418214613425,0.0,0.4604850499873843,0.22435094521068355,0.0
combined_moderate,All,moderate,L4,2,38692.52,0.5662761971666082,0.9596667538649767,0.04104387504081847,0.04003543817354367,0.005816421432365445,0.03597135956404309,0.021719224099459238,0.00456933890756231,0.024338337774632922,7.7,19.904808210458892,86.38,2.232473556107658,0.8711379371666781,0.9053094531251152,0.9114398117908938,0.9073479187190248,0.0
combined_moderate,All,moderate,L5,3,10538.72,0.1542372087577567,0.9236463073571443,0.05884172667787699,0.05557516145230045,0.0054109573306327695,0.039940584911550316,0.02342284328682081,0.005291386711812646,0.04177835649549928,3.84,36.40634182898786,27.44,2.6036488484832283,0.8711603963929477,0.9053907705056343,0.898994727233964,0.9057120157514252,0.0
combined_high,All,high,Home,0,5294.7,0.07748946259220232,0.9986248963337875,0.03499347352428316,0.0652219344651469,0.005830601583126951,0.039193012854427375,0.011075690517688646,0.0030688777036232146,0.014554411775900366,15.36,290.0528916360249,64.68,12.211565081434198,0.9543274427028169,0.0,0.0,0.0,0.0
combined_high,All,high,L2/3,1,13497.3,0.19753688092729188,0.9953573046860582,0.050643581051982044,0.06532012669981942,0.0061036876780631525,0.04364260407530333,0.017848515914981676,0.0035611554783540277,0.025550469050262828,14.34,106.2626819769142,101.78,7.5408201959491805,0.9488924141799852,0.0,0.4497296497859455,0.22782296443246597,0.0
combined_high,All,high,L4,2,39799.6,0.5824786324786325,0.9999025224643201,0.03529615746363881,0.029045708326318073,0.005412421076726333,0.038858094019209616,0.02298872629122175,0.004700544783927816,0.026594209677573994,4.8,12.060777954296373,93.14,2.3403660730449967,0.9488284694641633,0.9509602287847269,0.9497431993445317,0.9546676363851772,0.0
combined_high,All,high,L5,3,9736.4,0.1424950240018733,0.9998008339486805,0.03505735533057578,0.02876060774591509,0.004831086132758487,0.03866066784906396,0.02139765079498062,0.004992821033643588,0.026099357253919524,2.0,20.51462321457195,22.98,2.3600530532927477,0.9504567474591026,0.9499827488263408,0.9363752004646922,0.9498969239390602,0.0
